k99_10001671_1	COG0356	4.9e-66	224.7
k99_10001671_2	ENOG410ZXQ9	1.6e-16	61.8
k99_10001671_3	COG0711	5e-28	100.4
k99_10001684_1	ENOG410XS4D	1.6e-107	362.6
k99_100016_2	COG1529	4.1e-82	277.7
k99_10001732_1	COG0428	2.6e-53	182.2
k99_10001743_1	COG0365	3.5e-83	281.3
k99_10001765_1	ENOG410ZEP7	2e-07	32.4
k99_10001765_2	COG1212	5.4e-106	357.2
k99_10001790_1	ENOG410XPQ5	3.3e-51	176.5
k99_10001807_1	COG1071	1.3e-78	266.5
k99_10001807_2	ENOG4111K6R	1.2e-15	59.4
k99_10001813_1	ENOG4111P3Z	1.2e-43	151.2
k99_10001813_10	ENOG410ZI3G	5.3e-29	103.3
k99_10001813_11	ENOG410ZW3Q	2.4e-57	196.5
k99_10001813_12	COG0498	2.3e-68	233.3
k99_10001813_13	COG3907	5.6e-122	410.4
k99_10001813_14	COG1597	4.8e-43	148.8
k99_10001813_15	COG0367	2.3e-85	288.8
k99_10001813_16	ENOG410ZWUW	4.5e-08	34.1
k99_10001813_17	ENOG410ZWUW	6.4e-32	112.5
k99_10001813_2	COG0381	1.7e-79	269.8
k99_10001813_3	COG2089	8.7e-138	463.0
k99_10001813_4	COG0110	2.3e-21	77.1
k99_10001813_5	ENOG410ZVJI	9e-18	66.1
k99_10001813_6	COG1083	5e-59	201.0
k99_10001813_7	ENOG410XNW1	1.2e-67	230.6
k99_10001813_8	ENOG410Y1ET	3.9e-21	77.6
k99_10001813_9	ENOG410Y3NU	7.3e-67	227.5
k99_10001814_1	ENOG410YWCW	2.9e-63	216.4
k99_10001814_2	COG0240	7.4e-83	280.9
k99_10001836_1	COG1158	1.4e-33	118.1
k99_10001836_2	ENOG410Y1MD	1.4e-20	75.8
k99_10001836_3	ENOG4111FUN	1.6e-73	247.8
k99_10001867_1	COG0029	2.7e-66	226.0
k99_10001867_2	ENOG410ZYM2	6.8e-06	27.6
k99_10001886_2	ENOG410Y376	1.1e-27	98.6
k99_10001886_3	COG3119	3.5e-92	311.6
k99_10001886_4	COG3119	1.5e-27	97.4
k99_10001917_1	ENOG410XZ2S	1.3e-06	30.0
k99_10001917_2	COG0811	9.7e-60	204.6
k99_10001917_3	COG0848	1.8e-38	134.7
k99_10001917_4	ENOG41125KQ	1.3e-30	108.5
k99_10001951_1	COG0469	9.9e-181	605.2
k99_10001957_1	ENOG410ZVDG	6.2e-129	431.3
k99_10001966_1	ENOG41123RE	1.2e-05	27.1
k99_10001966_2	ENOG41123RE	6.1e-08	34.5
k99_10001966_3	ENOG410ZVHX	2.2e-09	37.6
k99_1000197_1	COG2025	2e-118	399.2
k99_1000197_2	ENOG410ZWSI	3.6e-15	57.6
k99_1000203_1	ENOG4111FE0	1.4e-10	43.1
k99_1000203_2	COG4807	6e-38	132.4
k99_1000203_3	ENOG4111IQJ	2.4e-52	177.7
k99_1000203_4	COG1853	6.1e-30	106.1
k99_1000203_5	ENOG410XQQ4	4.7e-118	396.6
k99_1000203_6	COG0537	4.6e-25	88.9
k99_1000203_7	COG0782	2.6e-54	186.6
k99_1000203_8	ENOG41126G6	5.6e-16	60.3
k99_1000203_9	COG0026	7.5e-101	340.5
k99_10002056_1	ENOG4111WDK	8.1e-38	131.9
k99_10002056_3	ENOG410XPGB	5.9e-17	62.8
k99_10002091_1	COG5545	4.3e-59	202.5
k99_10002106_1	COG2089	1.4e-111	376.3
k99_10002106_2	COG1083	2.5e-10	39.5
k99_1000212_1	COG0642	1.5e-39	136.1
k99_1000212_2	ENOG4111FPD	2.7e-69	236.4
k99_1000212_3	ENOG410Y657	6.6e-07	31.4
k99_1000212_5	ENOG410XTCR	2e-87	295.4
k99_10002182_1	COG0755	7.1e-64	218.0
k99_10002197_1	ENOG410XNX8	2.1e-07	31.0
k99_10002197_2	ENOG410XNX8	6.9e-05	22.6
k99_10002216_1	COG2251	4.7e-126	423.8
k99_10002222_1	COG0424	1.2e-63	217.4
k99_10002222_2	COG2202	2.1e-93	313.8
k99_10002222_3	ENOG4112D9G	2.9e-22	80.7
k99_10002222_4	COG0709	1e-109	369.6
k99_10002222_5	COG2603	2.2e-22	81.3
k99_10002224_3	COG0629	4.7e-40	139.7
k99_10002242_1	ENOG410XPUU	6.4e-15	56.0
k99_10002242_2	COG1898	1.7e-46	160.9
k99_10002242_3	COG1088	2.6e-60	206.0
k99_10002248_1	COG2055	1.4e-07	32.0
k99_10002248_2	ENOG410XUVE	5.6e-129	432.9
k99_10002248_3	ENOG411276D	8.7e-09	37.1
k99_10002248_4	ENOG410XQPX	3.6e-106	357.6
k99_10002248_5	COG3903	4.6e-130	437.6
k99_10002248_6	ENOG410Y1PX	1.8e-71	242.0
k99_10002248_7	COG2055	9.1e-07	29.3
k99_10002254_1	COG0728	3.4e-123	414.5
k99_10002254_2	ENOG410ZWDE	1.5e-20	74.9
k99_1000226_2	ENOG410YT57	2.7e-10	41.3
k99_1000226_3	ENOG410YT57	4.6e-44	152.2
k99_10002290_1	ENOG410Y4UP	7.1e-62	211.0
k99_10002363_1	ENOG410XS4D	1.6e-20	74.2
k99_10002401_2	COG2391	2.1e-10	41.7
k99_10002442_1	ENOG41124IF	5.9e-30	106.1
k99_10002442_2	ENOG410ZWHC	1.4e-07	32.4
k99_10002458_3	ENOG410ZXF3	2.4e-10	40.7
k99_10002509_1	ENOG410YHVR	1.9e-05	26.0
k99_10002509_2	COG0260	1.1e-137	462.4
k99_10002510_1	COG0067	0	1379.8
k99_10002537_1	COG1951	3.4e-49	169.4
k99_10002537_2	COG3181	3.2e-85	288.7
k99_10002600_1	ENOG410ZWVY	4.7e-48	165.9
k99_10002600_2	COG0076	1.1e-69	237.7
k99_10002635_2	ENOG410Z4Y4	2.2e-11	45.2
k99_10002635_3	ENOG4111Y2R	3.1e-14	55.1
k99_10002635_5	ENOG41101UC	2.5e-07	31.5
k99_10002660_1	ENOG410XQKC	3.9e-25	90.1
k99_10002660_2	COG1621	1.3e-40	140.7
k99_10002681_1	ENOG410XUGI	1.8e-108	363.1
k99_10002681_2	ENOG410XPYW	2.3e-95	322.0
k99_10002708_1	ENOG41114Z5	1.3e-06	30.2
k99_10002708_2	COG0661	1.8e-33	116.5
k99_10002708_3	COG0661	6.5e-38	131.2
k99_10002708_4	COG0198	1.6e-17	64.1
k99_10002765_1	ENOG410XQ4U	3e-98	331.7
k99_10002777_1	COG2072	9.8e-34	117.8
k99_10002777_2	COG2318	1.5e-28	101.5
k99_10002821_1	ENOG410XPK7	2.3e-17	64.2
k99_10002821_2	ENOG410YI6Q	2.8e-69	235.8
k99_10002821_3	ENOG4110J1N	1.6e-85	288.9
k99_10002821_4	COG0411	2.3e-152	511.4
k99_10002821_5	COG0410	1.7e-91	309.0
k99_10002821_6	COG3812	8.6e-18	65.7
k99_10002896_1	ENOG410XQ7P	3.2e-20	72.0
k99_10002899_1	COG0166	5.8e-74	251.1
k99_10002899_2	COG0730	4.4e-12	47.1
k99_10002900_1	COG3210	6.6e-35	118.5
k99_10002918_1	ENOG410ZQ1U	1.1e-23	85.7
k99_10002918_2	ENOG410XNYJ	3.9e-128	429.9
k99_10002918_3	ENOG410XRNX	2.5e-162	543.7
k99_1000296_1	ENOG410XPUU	2.3e-105	355.1
k99_1000296_2	ENOG410XQGA	3.5e-99	334.4
k99_1000296_3	ENOG410XQBD	3.1e-27	97.7
k99_1000296_4	COG1348	5.3e-05	23.6
k99_10002970_1	COG0505	1.5e-32	113.1
k99_10002970_10	COG0145	1.3e-63	216.3
k99_10002970_2	COG3653	2.3e-165	553.9
k99_10002970_3	ENOG410ZWM5	5.3e-23	83.3
k99_10002970_4	ENOG4112AI4	3.7e-34	119.5
k99_10002970_5	COG0076	3e-75	256.0
k99_10002970_7	ENOG41123ZK	1.4e-08	35.7
k99_10002970_8	COG1864	1.3e-48	167.7
k99_10002970_9	COG0146	8.3e-148	495.5
k99_10002978_1	COG1466	3.1e-63	216.4
k99_10002985_1	COG1674	1.9e-71	242.4
k99_10003000_3	COG0595	6e-201	671.8
k99_10003000_5	COG0661	1.7e-114	385.3
k99_10003000_7	ENOG4111J1U	2.1e-46	160.4
k99_10003027_1	COG2825	7.4e-34	119.0
k99_10003027_2	COG4775	7.7e-150	502.3
k99_10003027_3	COG0750	1.1e-76	259.4
k99_10003027_4	COG0743	1.3e-56	192.9
k99_10003030_1	COG3118	1e-68	233.9
k99_10003030_2	COG0187	3.8e-48	165.8
k99_10003048_1	ENOG41129EX	2.2e-17	65.1
k99_10003048_2	ENOG41129EX	5.4e-29	102.8
k99_10003055_1	ENOG410YC2D	5.2e-135	452.7
k99_10003085_1	ENOG410XSPQ	2.8e-10	40.9
k99_10003085_2	ENOG410XX1G	2.1e-27	96.7
k99_10003113_1	COG3829	3.7e-08	34.1
k99_10003113_2	ENOG4111PB9	2.3e-41	143.2
k99_10003113_3	ENOG410ZAJS	6.6e-12	47.6
k99_10003113_4	ENOG4110GCR	8.2e-54	184.5
k99_10003113_5	COG0254	5.7e-24	87.1
k99_10003113_6	COG1239	9.9e-63	214.6
k99_10003113_7	ENOG4111JN9	2.6e-38	133.7
k99_10003113_8	COG0160	8.1e-21	74.5
k99_10003139_1	COG0256	3.1e-28	99.8
k99_10003139_2	COG0098	2e-44	152.7
k99_10003148_1	ENOG4111EXJ	1.9e-65	223.4
k99_10003180_1	COG0365	2.3e-82	278.6
k99_10003180_2	COG3718	3e-09	38.1
k99_10003193_1	ENOG410Y78N	2e-34	120.9
k99_10003193_2	ENOG410Y78N	1.4e-39	137.9
k99_10003210_3	COG0553	8.1e-61	205.2
k99_10003210_4	COG1002	5.7e-17	62.9
k99_10003218_2	ENOG410YZ8A	1.6e-06	28.8
k99_10003252_1	COG0772	4e-72	245.6
k99_10003252_2	COG0768	5.7e-158	529.8
k99_10003252_3	ENOG411267M	4.4e-57	194.4
k99_10003267_1	ENOG410ZDHW	1.1e-94	318.8
k99_10003267_2	ENOG410XXYX	1.7e-172	577.5
k99_10003271_1	COG1792	7.2e-41	142.1
k99_10003271_2	ENOG411267M	1e-47	163.9
k99_10003271_3	COG0768	5.1e-19	69.4
k99_10003306_1	ENOG4110CNM	1.3e-18	68.2
k99_10003324_1	COG1034	4.3e-137	460.4
k99_10003324_2	ENOG4112BDD	3.3e-37	129.0
k99_10003324_3	COG1894	4e-36	126.3
k99_10003361_1	ENOG410YJF8	1.6e-17	65.6
k99_10003361_2	ENOG410Y6TF	7.2e-33	115.8
k99_10003367_1	COG5126	4.6e-29	100.1
k99_10003394_1	COG1734	8.7e-40	138.5
k99_10003394_3	ENOG41125G1	2.3e-45	157.9
k99_10003408_1	COG4176	1.4e-114	386.3
k99_10003431_1	ENOG41118M1	2.1e-16	61.5
k99_10003431_2	ENOG410ZMDX	1.8e-05	26.3
k99_10003439_2	COG0772	1.7e-05	25.0
k99_10003439_3	COG0772	2e-115	388.9
k99_10003439_4	COG0768	9.9e-109	366.7
k99_10003439_5	COG2815	7.4e-169	564.8
k99_10003440_2	ENOG410XNSN	0	1049.8
k99_10003440_3	COG3239	2.2e-26	94.4
k99_10003440_5	COG0520	3.8e-109	367.6
k99_10003440_6	COG5141	2.3e-25	90.0
k99_1000344_2	COG0535	1.8e-20	74.3
k99_10003454_1	COG4576	8.6e-29	101.7
k99_10003454_2	COG4576	3.4e-26	93.3
k99_10003454_3	COG4577	1.1e-37	131.3
k99_10003454_4	COG1454	3.8e-06	26.8
k99_10003554_1	ENOG410ZJEG	8e-60	204.7
k99_10003554_2	ENOG410ZJEG	3.2e-07	31.4
k99_10003554_3	ENOG41121Y0	7.1e-14	53.5
k99_10003554_4	ENOG410ZI1S	3e-14	54.8
k99_10003554_6	ENOG410Z7MD	1.6e-25	91.7
k99_10003554_7	ENOG410XXVY	7.4e-07	31.2
k99_10003574_2	ENOG41112QF	1.1e-05	26.0
k99_10003578_1	ENOG410Z6MW	3.8e-05	25.6
k99_10003578_12	ENOG4110TQD	7e-52	178.4
k99_10003578_13	ENOG4110TQD	7.7e-52	178.3
k99_10003578_17	ENOG410XVJT	1.3e-75	256.7
k99_10003578_20	COG0639	5.4e-38	131.2
k99_10003578_21	ENOG410XRMA	1.3e-82	280.3
k99_10003578_6	ENOG410XPNW	1.8e-89	302.8
k99_10003578_7	ENOG410ZZX2	8.4e-10	39.4
k99_10003578_8	ENOG410ZKMB	1e-16	63.0
k99_10003578_9	ENOG410XQ79	7.2e-18	66.4
k99_10003593_2	ENOG410XPBB	6.3e-05	23.6
k99_10003593_4	ENOG410YF4M	5.4e-15	57.0
k99_10003594_1	COG1262	3.1e-62	212.7
k99_10003608_1	ENOG4111R4B	4.1e-12	47.0
k99_10003608_2	COG1134	1e-83	284.0
k99_10003608_3	COG1682	8.7e-60	204.6
k99_10003608_4	COG1216	4.6e-65	221.8
k99_10003650_1	ENOG410ZGC3	3.8e-18	67.1
k99_10003656_1	COG1672	1.5e-39	137.6
k99_10003656_2	COG1672	8.6e-24	85.4
k99_1000367_1	COG2064	6.4e-26	93.0
k99_1000367_2	COG0630	1.9e-125	421.4
k99_10003698_2	ENOG410ZXMM	4.9e-28	98.8
k99_10003719_1	ENOG410XSEY	2.8e-45	156.8
k99_10003719_2	ENOG410XSEY	6.1e-13	49.8
k99_10003719_3	ENOG4111WRX	3.1e-57	195.3
k99_10003719_4	ENOG4111Z1M	8.8e-06	27.5
k99_10003730_1	ENOG4111U8M	2.3e-07	31.7
k99_10003768_1	COG4775	3.6e-64	219.2
k99_10003802_11	ENOG410YFRJ	1.4e-07	31.2
k99_10003802_16	ENOG410Z7UE	1.4e-10	42.9
k99_10003802_17	ENOG411262F	1.9e-06	28.9
k99_10003802_18	ENOG410ZQVQ	6.4e-27	96.9
k99_10003802_6	COG1089	1.3e-122	412.1
k99_10003802_7	ENOG4112CBD	4.1e-13	50.9
k99_10003802_8	ENOG410XRBN	3.3e-21	77.1
k99_10003802_9	ENOG410YAGY	1.7e-20	74.7
k99_10003827_1	ENOG410ZVGF	7e-58	197.9
k99_1000382_1	ENOG410XNME	9.2e-65	221.2
k99_1000382_2	COG2274	1.3e-79	269.8
k99_1000383_1	COG3104	6.6e-50	170.3
k99_10003860_1	COG0034	7.7e-156	522.7
k99_10003864_1	COG0370	8e-142	476.4
k99_10003864_2	ENOG410ZD2Z	1.7e-33	117.6
k99_10003864_3	COG0785	5.7e-56	192.1
k99_10003864_4	ENOG4111FAP	5.1e-09	37.5
k99_10003871_2	ENOG410Y1YR	1.6e-25	91.1
k99_10003871_3	ENOG410YUJE	2.6e-64	219.4
k99_10003926_1	COG3497	1.7e-06	28.5
k99_10003928_1	COG0144	3.8e-46	158.7
k99_10003928_2	COG0223	1.7e-64	219.7
k99_10003928_3	COG0242	1.1e-55	190.7
k99_10003928_4	COG1198	1.1e-62	213.9
k99_10003951_1	ENOG410ZMC2	5.4e-07	30.7
k99_10003951_2	COG2188	1.1e-44	154.9
k99_10003951_3	ENOG410XRWS	1.4e-42	147.6
k99_10003951_5	COG1940	9.3e-58	198.1
k99_10003951_6	COG0274	8.2e-80	271.1
k99_10003951_7	ENOG410ZRRW	1.8e-113	380.3
k99_10003951_8	ENOG410YRK8	6.8e-29	102.1
k99_10003967_1	COG0635	7.1e-95	320.4
k99_10003998_1	COG3670	9.7e-28	98.5
k99_10004006_2	COG0136	2.4e-129	434.4
k99_10004006_3	COG1610	1e-47	165.1
k99_10004006_4	ENOG41121W6	6.8e-30	104.2
k99_10004006_5	ENOG4111QCP	3e-35	123.0
k99_1000401_1	ENOG410ZJRS	1.6e-41	144.6
k99_1000401_3	ENOG410XRKW	9.5e-116	389.4
k99_1000401_4	ENOG410ZY6S	9e-13	50.2
k99_1000401_5	ENOG4112798	7.1e-29	102.8
k99_10004067_1	ENOG4111IV8	3.1e-62	212.8
k99_10004078_1	ENOG4111JT5	5.9e-76	256.7
k99_10004078_2	COG4591	1.5e-05	25.4
k99_10004078_3	COG1136	3.6e-102	345.1
k99_10004078_4	ENOG41129HF	7.5e-24	86.1
k99_10004078_5	ENOG410ZWA0	5e-24	87.1
k99_10004078_6	COG1373	4.7e-61	208.8
k99_10004078_7	COG3744	2.8e-33	116.6
k99_10004080_1	COG2133	1.3e-33	118.4
k99_10004080_2	COG0187	2.9e-47	162.8
k99_1000412_1	COG4993	7.3e-147	492.6
k99_1000412_2	COG0305	2.2e-116	391.0
k99_1000412_3	COG0359	1.2e-38	134.5
k99_1000412_4	ENOG4111Y0E	6.8e-65	221.1
k99_1000412_5	COG0238	1e-25	92.6
k99_10004133_2	COG0557	4.1e-27	95.1
k99_10004138_1	ENOG4111SDF	4.5e-72	243.7
k99_10004138_2	COG1368	2.6e-67	229.8
k99_10004138_3	COG1597	6.8e-33	115.1
k99_10004138_4	ENOG410Y6ZM	1.1e-17	66.7
k99_10004156_1	ENOG410XS4D	7.8e-92	310.6
k99_10004162_1	COG0247	3.2e-53	182.7
k99_10004162_2	ENOG410YWNZ	1.9e-72	246.3
k99_10004162_3	COG0860	4.3e-73	248.6
k99_10004162_4	ENOG410XQ3B	4e-26	93.0
k99_10004163_1	COG4584	1.5e-84	286.1
k99_1000417_1	COG0042	1.7e-48	166.8
k99_10004192_1	ENOG410ZQPZ	1.6e-27	98.2
k99_10004192_2	ENOG4111R7R	1.4e-73	249.0
k99_10004242_1	COG1207	2.9e-68	232.1
k99_10004261_2	ENOG410XPA0	3.5e-05	23.8
k99_10004261_3	COG2453	1.5e-23	83.3
k99_10004306_1	COG1377	1.5e-14	55.4
k99_10004306_2	COG1684	4.8e-69	235.1
k99_10004306_3	COG1987	3.1e-28	99.3
k99_10004306_4	COG1338	2.5e-109	367.0
k99_10004313_6	ENOG410YBKC	2.6e-08	34.4
k99_10004332_1	ENOG410XR2X	3.4e-16	60.6
k99_10004332_2	ENOG410XR2X	5.8e-08	33.3
k99_10004346_1	ENOG4111VJN	9.3e-49	166.6
k99_10004346_3	ENOG410XQ13	7.4e-193	643.1
k99_10004346_4	ENOG410ZJ9Q	2.5e-25	90.2
k99_10004346_5	COG3825	8.3e-24	85.6
k99_10004386_1	ENOG4110SZB	3.5e-51	176.0
k99_10004419_2	ENOG410XSSU	2.2e-58	200.1
k99_1000442_1	ENOG410Z2M6	4e-11	44.7
k99_1000442_2	COG1470	5.8e-13	50.4
k99_10004437_1	ENOG410ZMUA	8.2e-05	22.4
k99_10004457_1	COG1087	8.8e-94	316.2
k99_10004457_2	ENOG41126R1	2.7e-24	87.9
k99_10004457_3	ENOG4111J45	5.7e-50	171.8
k99_10004457_4	COG4421	5.8e-43	148.2
k99_10004457_5	ENOG410XSCX	7e-20	72.3
k99_10004457_6	ENOG410XSCX	4.5e-39	135.8
k99_10004488_3	ENOG410XSB5	3e-07	31.0
k99_10004550_1	ENOG410Y97J	4.9e-05	24.0
k99_10004558_1	COG2201	1.8e-37	130.5
k99_10004558_2	COG1192	3.9e-20	73.4
k99_10004558_3	ENOG410Y0VU	3.3e-50	172.9
k99_10004558_4	ENOG4111HP6	2.9e-54	186.2
k99_10004574_1	COG1529	2.1e-53	182.4
k99_10004611_2	ENOG410ZIMM	1.1e-06	30.1
k99_10004651_1	COG0148	6.4e-163	545.8
k99_10004653_2	ENOG410YAAZ	5.7e-05	23.0
k99_10004660_2	COG1853	1.1e-27	98.6
k99_10004660_3	ENOG4111IQJ	1.6e-37	129.7
k99_10004663_1	COG0125	4.5e-54	186.1
k99_10004663_2	COG2812	2.6e-33	116.9
k99_10004672_1	COG0029	1.7e-105	355.5
k99_10004674_1	ENOG410XRDN	3.7e-27	96.5
k99_10004674_2	ENOG4111FDV	4.8e-34	119.4
k99_10004674_3	COG2081	5e-66	225.1
k99_10004686_1	ENOG4111TE0	3.2e-11	43.5
k99_10004719_1	ENOG4111PI5	1e-24	89.4
k99_10004719_2	ENOG4110KXX	1.3e-69	236.1
k99_10004734_1	COG1256	5.4e-25	89.5
k99_10004734_2	COG1344	2.3e-40	141.1
k99_10004734_3	COG1344	5.2e-95	321.5
k99_10004734_4	COG1344	3.1e-95	322.3
k99_10004734_5	COG1334	4.9e-25	89.5
k99_10004734_6	COG1345	4.9e-95	320.4
k99_10004734_8	COG1516	3.3e-41	142.6
k99_10004734_9	COG3604	1.7e-105	354.9
k99_1000473_1	COG4254	1.3e-28	102.1
k99_1000473_2	COG0329	3.8e-43	149.5
k99_1000473_3	COG0029	5.7e-197	657.7
k99_1000473_4	COG1643	3.7e-214	715.8
k99_10004743_1	COG3844	1.4e-09	38.1
k99_10004743_2	COG2006	9.6e-83	280.3
k99_10004746_1	COG1472	2.1e-126	424.2
k99_10004779_1	COG1925	6e-197	658.8
k99_10004814_1	COG1212	2.5e-21	77.5
k99_10004910_3	COG0275	8e-93	313.7
k99_10004910_4	ENOG41126XM	6.8e-46	158.9
k99_10004910_5	ENOG410Z9U9	6.4e-18	66.4
k99_10004910_6	COG0768	2.7e-53	183.0
k99_10004911_1	ENOG4110EWA	6.8e-10	40.2
k99_10004923_1	ENOG411250H	6.3e-37	129.5
k99_10004928_1	COG0618	2.9e-58	199.7
k99_10004928_2	COG0130	3.7e-85	287.4
k99_10004928_3	COG0196	2.5e-05	23.9
k99_10004956_1	ENOG410YFIC	1.9e-11	45.0
k99_10004956_2	COG5059	8.6e-34	114.8
k99_10004982_1	ENOG41125BA	3.1e-05	24.2
k99_10004993_1	ENOG4111WTI	1.2e-36	128.4
k99_10004997_1	COG2262	3.4e-06	27.7
k99_10004997_10	COG1905	1.8e-53	183.8
k99_10004997_11	COG1894	1.3e-184	617.3
k99_10004997_2	COG0330	3.4e-43	149.8
k99_10004997_3	COG0330	2.5e-47	163.5
k99_10004997_4	ENOG410XVCK	1.3e-19	71.6
k99_10004997_5	COG3705	5.4e-108	363.5
k99_10004997_6	COG0104	5.3e-198	662.1
k99_10004997_7	COG0838	2.4e-41	143.9
k99_10004997_8	COG0377	8.4e-92	310.8
k99_10004997_9	COG0852	2.4e-254	849.0
k99_10005020_1	COG3758	2.8e-40	139.9
k99_10005020_2	COG2986	2.1e-35	123.7
k99_10005065_1	COG0610	1.3e-153	515.5
k99_10005172_1	ENOG410Y57J	2.8e-19	71.3
k99_10005172_2	ENOG411192P	4e-96	324.6
k99_100051_1	ENOG4111UW3	6.9e-85	286.4
k99_1000522_1	ENOG410Y4GP	5.5e-06	27.4
k99_10005235_1	ENOG410XSZG	4.7e-36	125.4
k99_10005244_1	ENOG410XPZ7	1.5e-74	252.3
k99_10005295_1	COG0297	2.4e-134	450.9
k99_10005295_2	ENOG410XRJF	4.1e-06	27.9
k99_10005302_10	ENOG410ZVGH	8e-05	23.0
k99_10005302_2	ENOG4112D71	3.4e-18	67.9
k99_10005302_4	ENOG410XYG1	3.5e-09	38.7
k99_10005309_1	COG4146	3e-97	328.1
k99_10005313_1	COG3345	5e-139	467.1
k99_10005352_2	ENOG410Y9VH	1e-15	58.7
k99_10005354_1	COG0581	1.2e-30	107.9
k99_10005354_2	COG4590	6.3e-102	344.2
k99_10005354_3	COG0226	3.4e-51	175.3
k99_10005393_1	ENOG410XRJF	8.8e-107	359.1
k99_10005393_2	ENOG4111NEJ	3.4e-52	179.6
k99_10005393_3	COG0160	2.2e-103	348.4
k99_10005393_4	ENOG4111N89	1.1e-47	163.3
k99_10005393_5	ENOG410ZYIA	7.2e-21	76.1
k99_10005400_1	COG0064	4.9e-70	237.6
k99_10005411_1	COG0557	8.8e-178	595.1
k99_10005411_2	COG0566	1.5e-48	166.7
k99_10005411_3	ENOG4111YAI	3.3e-55	188.6
k99_10005411_4	COG0360	6.9e-06	27.3
k99_10005430_1	COG0252	3.7e-49	169.1
k99_10005430_3	ENOG4112CBB	5.8e-05	25.0
k99_10005430_4	COG0064	1.8e-64	219.1
k99_10005447_1	ENOG4112325	5e-32	111.7
k99_10005447_2	ENOG410Y05G	4.1e-37	129.8
k99_10005447_3	ENOG41129YV	9.1e-22	78.8
k99_1000545_1	ENOG4111K1F	9.5e-105	352.4
k99_1000545_2	ENOG4111FTB	6.5e-08	33.6
k99_10005466_1	COG3907	1.3e-65	223.9
k99_10005466_2	COG0841	1.9e-197	660.6
k99_10005466_3	ENOG410XQB7	2.2e-16	61.5
k99_10005466_4	ENOG410YDJF	1.8e-86	292.3
k99_10005466_5	ENOG410XS4R	2.6e-76	259.3
k99_10005466_6	ENOG4111FPD	8.8e-69	234.7
k99_1000549_1	COG2831	3.5e-57	195.6
k99_1000549_2	ENOG41122XN	1e-46	160.0
k99_10005518_1	COG0559	1.4e-11	43.9
k99_10005518_2	COG4177	6.9e-50	171.4
k99_10005525_2	ENOG410ZP9Z	2e-05	25.5
k99_10005557_1	COG4191	2.8e-69	236.0
k99_10005586_1	ENOG4111SV1	3.1e-24	86.9
k99_10005586_2	ENOG4111SV1	9.6e-110	369.6
k99_10005615_1	COG0209	3.9e-143	480.3
k99_10005619_1	COG0709	1.3e-75	256.6
k99_10005619_2	COG1477	1.8e-36	127.2
k99_10005620_3	ENOG410XNP6	5e-05	21.7
k99_10005620_5	ENOG410XNP6	3.3e-05	22.3
k99_10005654_1	COG1524	1.9e-25	89.2
k99_10005654_2	ENOG410XT46	3.4e-54	185.6
k99_10005666_1	COG1696	3.7e-79	268.6
k99_1000566_1	ENOG410Y2I5	1e-41	145.0
k99_1000566_3	COG1131	3.8e-76	256.1
k99_1000566_4	ENOG410ZM1B	1.7e-143	480.8
k99_10005725_1	COG3034	1.6e-62	213.4
k99_10005726_1	ENOG410XQ01	5.5e-52	178.3
k99_10005727_1	COG0484	1.3e-39	136.0
k99_10005727_2	ENOG41124NF	1.6e-14	55.5
k99_10005777_1	COG1506	5.2e-76	257.3
k99_10005777_10	COG2993	8.6e-47	161.3
k99_10005777_11	COG3278	7.8e-105	352.7
k99_10005777_12	ENOG4111GUE	4.9e-31	109.7
k99_10005777_13	COG3653	6.5e-157	525.9
k99_10005777_14	ENOG411083Y	1.3e-113	381.6
k99_10005777_15	COG1171	1.2e-101	343.0
k99_10005777_16	COG0275	1.7e-90	306.0
k99_10005777_17	ENOG410XRDW	7.1e-215	717.9
k99_10005777_18	COG0334	7.6e-165	552.6
k99_10005777_19	ENOG410ZEGS	6.7e-138	462.9
k99_10005777_2	ENOG410ZWMM	5e-25	89.8
k99_10005777_20	ENOG4111F1Y	6.3e-15	56.8
k99_10005777_22	COG5002	1.5e-68	233.4
k99_10005777_23	ENOG4111FPD	5.2e-78	265.2
k99_10005777_24	ENOG410XVQY	3.2e-21	77.0
k99_10005777_25	COG1131	2.9e-79	266.4
k99_10005777_27	ENOG410Z7NT	3.7e-38	133.1
k99_10005777_28	COG2202	8.8e-40	135.7
k99_10005777_29	COG0187	1.4e-242	810.3
k99_10005777_30	ENOG410Y7IR	1.8e-06	29.2
k99_10005777_31	ENOG4111FAP	8e-11	43.4
k99_10005777_32	COG0508	3.6e-87	294.1
k99_10005777_33	COG0567	0	1085.2
k99_10005777_4	COG5659	1.7e-51	177.3
k99_10005777_5	COG5659	2.8e-47	163.4
k99_10005777_8	COG3258	2.2e-82	279.1
k99_1000584_1	ENOG4111TIM	4.1e-06	27.3
k99_10005851_2	ENOG410ZWW6	3.4e-16	59.9
k99_10005851_4	ENOG4111J5N	1.1e-65	223.1
k99_10005867_1	COG0013	2.7e-126	424.7
k99_10005871_1	COG4942	4.3e-19	70.2
k99_10005871_2	ENOG410ZVFE	1.8e-97	329.1
k99_10005950_1	ENOG410XPQG	0	1199.6
k99_10005951_1	COG0006	1.7e-73	249.7
k99_10005952_1	COG0190	2.7e-32	112.6
k99_10005952_2	ENOG410Y8HS	4.7e-25	90.0
k99_10005952_3	ENOG41124BF	8.4e-31	107.7
k99_10005952_4	COG0299	6e-28	98.7
k99_10005966_2	COG1596	1.9e-29	103.7
k99_1000597_2	ENOG41120Z4	1.1e-47	164.6
k99_1000597_3	COG0626	1.8e-103	349.6
k99_10006008_1	COG0484	3.1e-34	118.1
k99_10006008_2	ENOG41120ZY	5.8e-13	50.2
k99_10006012_1	COG0553	4.8e-19	66.5
k99_10006021_1	COG0299	1.9e-77	262.9
k99_10006021_2	COG0138	7.2e-60	204.9
k99_10006053_1	ENOG410YW2S	6.9e-11	42.3
k99_10006078_1	COG1573	6e-05	24.0
k99_10006078_2	ENOG4111HKX	4e-65	221.8
k99_1000609_1	COG1220	5.9e-73	248.5
k99_1000609_2	COG5405	9.6e-86	290.6
k99_10006114_1	COG0610	1.7e-128	432.3
k99_10006157_1	COG0547	5.9e-05	22.7
k99_10006157_2	COG0134	3.4e-116	391.3
k99_10006157_3	COG2326	1.6e-46	161.1
k99_10006169_1	ENOG4111G7G	1.3e-36	127.6
k99_10006169_2	ENOG410XRR8	3.6e-90	304.1
k99_10006169_3	ENOG4111TIH	1.5e-47	163.1
k99_10006169_4	ENOG410XT0V	5.6e-72	244.2
k99_10006170_1	COG0598	9e-39	135.1
k99_10006170_2	ENOG410ZVGS	1.4e-19	71.7
k99_10006170_3	ENOG4111KDC	9.3e-21	75.8
k99_10006222_1	ENOG410XY8C	1.5e-08	36.5
k99_10006270_1	ENOG411268W	3.4e-16	61.4
k99_10006270_2	COG1259	2.4e-49	170.1
k99_10006270_3	COG0789	5e-15	57.3
k99_10006271_1	COG1363	1.6e-89	302.8
k99_10006292_1	COG5245	0	1969.0
k99_1000629_1	ENOG410ZD8C	6.5e-11	43.7
k99_10006302_1	COG0085	4e-158	529.5
k99_10006303_1	ENOG4111NV4	2e-19	71.3
k99_10006303_2	ENOG410ZWJV	3.3e-50	172.5
k99_10006309_1	ENOG410ZVWF	3.6e-52	179.4
k99_10006342_1	COG2717	1.6e-56	193.7
k99_10006342_2	COG2041	5.8e-44	151.6
k99_10006342_3	COG1183	2.8e-49	170.2
k99_10006345_1	ENOG410Y0NA	6.1e-190	635.0
k99_10006345_2	ENOG410XR7P	1.8e-30	108.1
k99_10006345_3	ENOG410XPRS	1.1e-84	286.7
k99_10006345_4	COG0180	6.7e-92	310.8
k99_10006345_7	ENOG410XNQ3	6.5e-08	32.9
k99_10006369_1	COG1770	5.8e-199	664.7
k99_10006369_2	ENOG410XQQ4	4.3e-14	54.1
k99_1000636_1	ENOG410XRWS	7.7e-42	145.2
k99_1000636_2	COG1063	3.6e-31	109.9
k99_10006392_1	COG0760	1.9e-19	71.4
k99_10006437_1	ENOG4111IGI	1.9e-08	35.5
k99_10006440_1	COG0593	4.1e-62	212.6
k99_10006474_1	ENOG410YJYQ	2.8e-41	143.6
k99_10006488_1	ENOG410ZVM3	5.3e-26	92.9
k99_10006488_2	ENOG41122MN	1.5e-17	65.1
k99_10006488_3	ENOG410Y2BN	2.2e-10	41.9
k99_10006506_1	ENOG410XS4D	2.4e-15	57.0
k99_10006527_4	ENOG410XWVW	1.3e-14	55.9
k99_10006545_1	COG0822	1e-23	85.1
k99_10006545_5	ENOG4111GB6	6.1e-07	31.0
k99_10006571_1	ENOG410Z06U	9.8e-14	52.3
k99_1000660_1	ENOG4112ANR	1.6e-14	55.6
k99_1000660_2	ENOG410ZGB6	2.2e-38	134.4
k99_10006627_1	COG1088	5.6e-79	267.8
k99_1000662_1	ENOG410ZSV3	6.8e-41	142.4
k99_1000662_2	COG0524	4.7e-40	139.4
k99_1000662_3	COG2313	1.9e-05	25.0
k99_10006630_1	ENOG410ZPC2	8.5e-227	757.7
k99_10006668_1	COG1151	8.7e-76	257.7
k99_10006684_1	ENOG410XQCD	1.6e-10	41.4
k99_10006691_1	COG0457	4.9e-73	245.4
k99_10006699_1	ENOG41101YC	5.4e-18	65.8
k99_100066_1	COG0476	4.6e-67	226.3
k99_100066_2	ENOG411251Q	1.9e-10	42.3
k99_100066_3	COG2014	1.5e-38	134.2
k99_100066_4	ENOG4111NNP	1.5e-20	75.7
k99_10006702_1	ENOG410XT54	1.5e-21	78.4
k99_10006702_2	COG0471	1.5e-29	102.8
k99_10006712_1	COG1410	3.4e-103	348.1
k99_10006712_2	COG1410	5.4e-90	304.4
k99_10006747_1	ENOG410XNWN	8.6e-36	124.3
k99_10006755_1	ENOG4111SNB	8.7e-08	33.8
k99_10006755_2	ENOG410YNI2	7.3e-75	253.6
k99_10006790_1	ENOG410Z4HM	8.9e-20	71.8
k99_10006807_1	ENOG41121CH	2.2e-07	32.4
k99_10006807_2	ENOG410XQ0W	0	1025.7
k99_10006807_3	ENOG410Y1U2	3.5e-17	63.4
k99_10006807_4	COG1327	7.8e-25	89.6
k99_10006814_1	COG1154	4.5e-176	590.1
k99_10006848_1	ENOG4111TE0	1.1e-31	111.2
k99_10006850_1	ENOG4111J45	1.1e-29	105.2
k99_10006850_2	COG4807	4.7e-33	116.3
k99_10006850_3	ENOG410XQ52	3.7e-16	60.9
k99_1000686_1	COG1262	2.4e-59	203.2
k99_10006880_1	ENOG4111GB9	2.1e-11	44.9
k99_10006880_2	COG0152	2.4e-97	329.0
k99_10006880_3	COG0191	2.5e-93	315.3
k99_10006880_4	COG0469	1.8e-189	634.2
k99_10006880_5	ENOG410YW8B	5.1e-38	131.4
k99_10006880_6	COG1296	4.9e-13	49.6
k99_10006888_2	COG0438	2.2e-36	124.1
k99_10006888_3	ENOG4111PET	2e-13	52.0
k99_10006896_4	COG3588	2.1e-120	405.1
k99_10006896_5	COG1494	1.2e-28	101.5
k99_10006964_1	COG1741	4.6e-70	238.2
k99_10006964_2	ENOG410XT98	4.7e-162	541.4
k99_10007008_1	ENOG410XR2G	1.6e-63	216.8
k99_10007008_2	COG3181	4.5e-94	318.1
k99_10007033_1	ENOG41121TS	3.7e-58	198.7
k99_10007055_1	ENOG4111F78	8.7e-39	135.3
k99_10007055_2	COG2301	2.6e-77	262.4
k99_10007055_3	ENOG410Y81N	1.3e-99	335.4
k99_10007055_5	COG3311	8.5e-06	27.2
k99_10007059_2	ENOG4110JAH	4.4e-06	28.0
k99_10007064_2	ENOG410XNSC	6.3e-20	72.6
k99_10007089_1	COG0507	3e-46	157.5
k99_10007094_2	ENOG410ZRKI	9.8e-16	58.3
k99_10007130_1	COG2805	1.4e-111	375.9
k99_10007130_2	COG1408	4.2e-38	133.0
k99_10007164_1	ENOG410Y03M	9.3e-06	26.2
k99_10007164_3	COG3744	8.3e-12	47.2
k99_10007168_1	ENOG410ZNYP	4.4e-06	27.4
k99_10007168_2	ENOG410XP6K	1.2e-106	356.9
k99_10007173_1	COG3436	2.1e-66	226.4
k99_10007187_1	ENOG4111Q7I	7.6e-25	89.4
k99_10007187_2	COG0835	8.8e-51	175.0
k99_10007187_3	ENOG410ZXJA	2.1e-20	74.6
k99_10007187_4	ENOG410XQ4K	1.3e-42	148.3
k99_10007236_1	COG5043	1.7e-14	50.3
k99_10007243_2	ENOG410XPUU	3.7e-100	337.8
k99_10007248_2	COG1075	9.6e-15	54.6
k99_10007282_1	ENOG410ZUZ7	3.2e-07	31.7
k99_10007301_1	COG1344	1.1e-83	284.2
k99_10007301_2	COG1345	1.5e-76	259.5
k99_10007301_3	COG1516	8.7e-46	157.5
k99_10007305_1	COG5009	8.6e-109	366.6
k99_10007322_1	COG0309	3.3e-66	225.1
k99_10007322_2	COG1386	1.1e-09	39.5
k99_10007332_1	ENOG410XRCX	3.8e-05	24.3
k99_10007332_2	ENOG4111JXH	1.2e-62	213.9
k99_10007332_3	ENOG410XQKC	5.3e-99	334.0
k99_10007344_6	ENOG4111NWU	3.6e-19	70.1
k99_10007389_1	COG1038	0	1324.2
k99_10007389_2	ENOG410YE77	4.5e-09	37.3
k99_10007418_1	ENOG410YP2W	5.4e-103	347.4
k99_10007467_2	ENOG4111IV8	1.3e-111	375.9
k99_10007485_1	ENOG410XY3T	3.9e-35	123.7
k99_10007485_2	ENOG4112APT	1.2e-37	131.7
k99_10007507_1	COG0479	7.5e-87	294.3
k99_10007507_2	ENOG410XT7Y	1.3e-127	428.1
k99_10007507_3	ENOG4111UZS	1.3e-36	127.9
k99_10007507_4	COG0161	3.6e-125	420.9
k99_10007517_1	COG0569	1.8e-110	372.3
k99_10007517_2	COG3829	1.3e-52	180.6
k99_10007534_1	COG0556	1.8e-06	28.1
k99_10007534_2	ENOG4111G5Y	3.1e-68	231.5
k99_10007555_1	COG5049	8.5e-38	131.4
k99_10007566_1	ENOG410XQM6	1.9e-42	146.9
k99_10007566_2	ENOG410XQM6	6.7e-10	39.1
k99_10007567_1	ENOG4111WTB	3.1e-30	107.1
k99_10007567_2	COG1804	8.5e-53	180.7
k99_10007577_1	COG0841	9.9e-82	277.2
k99_10007583_1	ENOG410XPW2	5.7e-20	72.9
k99_10007603_1	ENOG410XSD8	2.6e-63	216.1
k99_10007610_1	COG0028	3.3e-44	152.5
k99_10007610_2	ENOG410YEIR	2e-11	45.2
k99_10007617_1	COG0195	1.6e-63	217.1
k99_10007618_1	COG0176	2.8e-27	95.7
k99_10007618_2	COG0560	2.9e-56	192.6
k99_10007633_2	ENOG410XVBV	1.5e-39	137.1
k99_10007652_2	ENOG410ZW2N	2.2e-74	252.8
k99_10007658_1	COG1304	4.5e-07	30.1
k99_10007658_2	COG2609	3e-184	616.7
k99_10007678_1	COG1088	1.3e-40	140.8
k99_10007678_2	COG1898	3.4e-70	239.1
k99_10007721_3	COG1241	1.4e-158	531.8
k99_1000772_1	ENOG4111BCX	3.2e-06	26.8
k99_1000772_2	ENOG410ZTW2	2.2e-38	133.5
k99_1000772_3	ENOG410YMAS	1.5e-08	35.6
k99_10007754_1	ENOG411268W	3.4e-16	61.4
k99_10007754_2	COG1259	1.6e-49	170.7
k99_10007754_3	COG0789	3.2e-13	51.3
k99_10007765_1	ENOG4111RKH	4e-36	126.4
k99_10007769_1	COG3087	7.1e-13	50.4
k99_10007769_2	COG5405	1.6e-105	356.1
k99_10007769_3	COG1220	4.4e-32	113.0
k99_10007797_1	ENOG410XRUF	4.3e-61	208.6
k99_10007801_1	ENOG4111YJG	7e-23	83.6
k99_10007801_2	COG5646	4.2e-33	116.7
k99_10007801_3	ENOG410ZX2M	1.5e-40	139.8
k99_10007801_4	COG2195	5.4e-45	155.8
k99_10007836_1	ENOG4111UHH	5.1e-98	329.4
k99_10007837_1	ENOG4112DCP	2.7e-91	308.3
k99_10007870_1	COG0553	2e-24	84.3
k99_10007896_1	ENOG410ZMYZ	9.7e-41	141.9
k99_10007918_1	COG3971	3.4e-23	84.3
k99_10007918_2	ENOG410ZVEX	2.5e-84	285.6
k99_10007943_1	ENOG410XRMJ	1.5e-91	307.3
k99_10007964_2	COG5410	3.2e-09	37.8
k99_10008033_1	ENOG410YF1I	9.7e-32	112.1
k99_10008033_2	COG3842	8.9e-32	111.4
k99_10008054_1	ENOG410ZVDQ	3.8e-103	348.1
k99_10008060_1	ENOG410XXNR	3.3e-23	84.1
k99_10008065_1	ENOG410ZUFU	8.3e-79	267.6
k99_10008065_2	ENOG410XQ4K	4.6e-53	182.7
k99_10008139_5	ENOG410XWHK	6e-26	93.3
k99_10008139_6	COG1875	9.3e-40	138.7
k99_10008139_8	ENOG410XRAU	2.2e-13	52.1
k99_10008139_9	COG1351	3.4e-29	104.1
k99_10008179_1	COG4951	8.7e-58	197.8
k99_1000819_3	ENOG410Y5PW	6.1e-114	383.6
k99_10008216_1	ENOG4111YCH	8.4e-21	75.8
k99_10008216_2	ENOG410YTFI	4.1e-109	366.7
k99_10008216_3	COG2979	2.7e-68	232.1
k99_10008216_4	ENOG4111IWJ	1.8e-14	55.0
k99_10008218_1	ENOG410YM8P	3.7e-38	132.7
k99_1000824_1	ENOG410ZWZ5	4.4e-22	80.0
k99_10008289_2	ENOG4111RJR	1.7e-12	48.9
k99_10008296_1	COG0778	1.9e-07	31.2
k99_10008296_2	COG2173	4.5e-53	181.8
k99_10008299_1	ENOG410XQ6M	1e-78	266.8
k99_10008342_2	ENOG410ZVIE	1.1e-34	121.9
k99_10008342_3	ENOG410XUYC	1.6e-21	78.5
k99_10008348_1	ENOG410XPXW	1.2e-86	292.9
k99_10008348_2	COG0576	3.9e-42	146.7
k99_10008348_3	COG2214	6.9e-10	39.7
k99_10008360_1	ENOG410XQ6K	3.5e-12	47.9
k99_10008360_2	COG1173	3.3e-37	129.3
k99_10008360_3	COG1123	2e-54	186.8
k99_10008360_4	COG1123	4.6e-48	165.8
k99_10008360_6	ENOG410ZHXS	1.7e-21	78.6
k99_10008362_1	COG0488	7.3e-15	55.1
k99_10008362_2	COG0265	4.5e-69	235.1
k99_10008362_3	COG0165	1.9e-236	790.0
k99_1000836_1	COG1889	1.1e-86	293.3
k99_1000838_2	COG2887	8e-18	66.5
k99_10008393_1	COG0244	1.1e-35	125.2
k99_10008393_2	COG0222	6.9e-31	109.0
k99_10008393_3	COG0085	6.4e-87	293.0
k99_1000839_1	COG0382	1.6e-75	256.4
k99_1000839_2	ENOG410ZVJJ	2.4e-38	133.5
k99_1000839_3	ENOG410XWJ5	1.9e-51	177.4
k99_10008418_1	ENOG410Z4KP	1.1e-38	134.7
k99_10008418_2	ENOG410ZWM2	5.3e-130	435.9
k99_10008422_1	ENOG410XUX1	2.6e-07	32.2
k99_10008422_2	ENOG4111U8X	1.7e-49	170.9
k99_10008458_1	COG4398	1e-09	39.0
k99_10008466_1	COG3822	5.5e-38	132.5
k99_10008466_2	COG0191	3.9e-63	215.2
k99_10008466_3	COG3718	1.1e-13	52.6
k99_10008489_1	COG0119	7e-05	21.8
k99_10008489_2	COG0748	2.4e-47	162.9
k99_10008489_3	COG0655	2.4e-33	117.2
k99_10008489_4	COG1295	6.7e-72	244.0
k99_1000852_2	ENOG41108IT	1.4e-111	375.7
k99_1000852_3	ENOG4110UYG	2.6e-91	308.2
k99_1000852_4	ENOG4111R4B	1.4e-20	75.0
k99_10008533_1	COG0669	2e-66	226.3
k99_10008533_10	ENOG410ZZQ3	3.7e-13	51.6
k99_10008533_11	COG1480	3.5e-190	636.1
k99_10008533_12	COG0319	2.8e-34	121.0
k99_10008533_13	COG4536	1.6e-85	289.4
k99_10008533_14	COG1183	2.7e-46	160.3
k99_10008533_15	COG0761	5.8e-76	258.4
k99_10008533_16	COG0773	4.8e-166	556.6
k99_10008533_17	COG2885	1.6e-19	68.7
k99_10008533_2	ENOG410ZI3Q	7.8e-25	89.4
k99_10008533_3	ENOG410ZXVA	4.8e-18	66.4
k99_10008533_4	COG0416	4.9e-131	439.4
k99_10008533_5	COG0332	5.8e-125	420.1
k99_10008533_6	COG0331	6.9e-93	313.0
k99_10008533_7	ENOG410XNW1	1.7e-93	316.0
k99_10008533_8	ENOG410ZYRB	1.5e-25	91.9
k99_10008533_9	COG0304	1.9e-149	500.5
k99_10008538_2	ENOG410ZEUS	6.1e-08	34.4
k99_10008550_1	COG3437	1.8e-61	209.3
k99_10008550_2	COG0803	1e-40	141.9
k99_10008561_1	ENOG410YSGX	6.8e-09	36.6
k99_10008580_1	COG0112	1.2e-53	184.2
k99_10008580_2	COG0112	1.9e-89	302.5
k99_10008580_3	COG0698	2.7e-08	34.7
k99_10008614_2	ENOG410XTI2	6e-11	41.7
k99_10008678_1	ENOG410ZJ8K	3.9e-70	238.6
k99_10008696_1	ENOG4111J45	1.4e-06	29.3
k99_10008696_2	ENOG4111J45	9.6e-26	92.2
k99_10008708_1	COG0148	5.6e-176	589.0
k99_10008708_2	COG0505	5.7e-63	214.1
k99_10008709_1	ENOG41127DI	1.4e-08	35.7
k99_1000870_1	COG0112	5.8e-19	69.7
k99_1000870_2	COG0575	3.6e-25	90.8
k99_1000870_3	COG0575	7.6e-26	93.0
k99_1000870_4	COG0329	3e-65	222.8
k99_1000870_5	ENOG410YKBA	5.6e-05	24.0
k99_1000870_6	COG0216	1.3e-114	385.5
k99_10008735_2	ENOG410Z974	9.9e-74	250.4
k99_10008735_3	COG0642	1.7e-167	560.7
k99_10008735_4	ENOG41122PX	5e-21	76.8
k99_10008735_5	COG2904	1.4e-71	243.2
k99_10008735_6	ENOG4111R1P	4.8e-18	67.1
k99_10008735_7	COG1131	1.1e-89	301.0
k99_1000874_1	COG3800	7.2e-98	330.3
k99_10008753_1	ENOG410YHGV	3.8e-06	28.5
k99_10008782_1	ENOG410Y36N	2.1e-06	29.0
k99_10008782_2	ENOG410XSVM	1.1e-64	220.8
k99_10008782_3	ENOG410XSVM	9.4e-36	125.5
k99_10008807_1	ENOG410Y2V0	9.7e-28	98.7
k99_10008825_2	ENOG4111N15	1.4e-07	32.3
k99_10008833_2	ENOG410ZX9T	4.7e-06	26.5
k99_10008833_3	ENOG410XSQW	2.9e-60	205.8
k99_10008833_4	ENOG410XSQW	1.3e-11	45.8
k99_10008839_1	COG0202	5.3e-39	135.3
k99_10008839_2	ENOG410ZDSN	6.2e-10	40.5
k99_10008839_3	COG0632	2.9e-34	120.1
k99_10008840_1	COG1654	6.1e-12	47.0
k99_10008840_2	COG3705	7.1e-47	162.0
k99_1000884_1	ENOG410XS82	9.2e-59	201.1
k99_10008853_1	ENOG410Y2R6	6.9e-11	43.8
k99_10008853_2	COG0566	3.3e-10	39.5
k99_10008866_1	COG0709	5e-77	261.3
k99_10008866_11	COG0318	7.5e-72	241.8
k99_10008866_2	COG3119	4.6e-77	261.5
k99_10008866_3	ENOG410YZYN	1.3e-17	66.0
k99_10008866_5	ENOG4111PJX	2.5e-52	180.1
k99_10008866_6	COG0179	1.5e-17	64.6
k99_10008866_7	ENOG4111RBA	6.2e-59	201.9
k99_10008866_8	ENOG410ZYE6	2.2e-19	71.4
k99_10008866_9	ENOG4111YEP	9.7e-37	128.5
k99_10008868_2	ENOG410XQ4Y	2.5e-21	77.3
k99_10008881_2	COG5362	1.8e-19	71.4
k99_10008912_1	ENOG410ZGR7	3e-82	279.0
k99_10008912_2	ENOG4111604	3e-51	176.3
k99_10008912_3	ENOG4111M1F	5.8e-59	200.7
k99_10008912_4	COG0427	2.2e-158	530.9
k99_10008930_2	ENOG4112442	5.1e-05	25.6
k99_10008930_3	ENOG410ZD0X	1.8e-22	82.2
k99_10008934_1	ENOG4111SIQ	2.5e-55	190.0
k99_10008934_2	ENOG410XZXC	1.6e-18	68.5
k99_10008934_3	ENOG410XY2N	3.9e-18	67.3
k99_10008934_4	ENOG410ZTH1	1.3e-41	144.7
k99_1000895_1	COG4942	6.3e-34	119.1
k99_1000895_10	COG0261	6.5e-55	188.6
k99_1000895_11	COG1146	2.8e-60	206.2
k99_1000895_12	ENOG4111Z15	6.3e-47	161.9
k99_1000895_13	ENOG410Z7AY	2.6e-87	293.7
k99_1000895_14	COG0657	3.8e-56	192.7
k99_1000895_17	COG0152	2.3e-85	289.4
k99_1000895_18	COG0680	1.6e-14	55.8
k99_1000895_2	COG0696	3.4e-199	665.8
k99_1000895_3	COG1576	3.8e-51	175.2
k99_1000895_4	COG0799	3.3e-39	137.0
k99_1000895_5	COG1057	1.6e-30	107.7
k99_1000895_6	COG0014	5.1e-174	582.3
k99_1000895_7	COG0263	2e-135	455.2
k99_1000895_8	COG0536	2.9e-144	484.0
k99_1000895_9	COG0211	9.9e-44	151.9
k99_10008976_2	COG0330	2.1e-37	130.7
k99_10008976_3	COG0330	2e-39	137.4
k99_10008976_4	ENOG410YB8Y	5.2e-23	82.8
k99_10009017_1	COG0370	3.8e-148	497.3
k99_10009030_1	COG3319	1.7e-62	211.0
k99_10009041_1	COG0119	2e-28	99.9
k99_10009041_2	COG0183	7.6e-115	385.3
k99_10009041_3	ENOG410XQKE	6.2e-67	228.5
k99_10009067_1	COG1063	4.5e-11	43.2
k99_10009067_2	COG4988	2.8e-155	520.2
k99_10009067_3	COG4987	1.9e-33	117.2
k99_10009076_2	COG0305	3.2e-10	41.2
k99_10009076_3	COG4951	1.6e-16	61.2
k99_10009086_1	COG0233	2e-53	182.2
k99_10009086_2	COG0743	3.3e-25	88.7
k99_10009112_1	COG1804	2.9e-55	188.9
k99_10009112_2	ENOG410ZWN9	1.1e-14	56.4
k99_10009112_3	ENOG410ZWN9	4.1e-09	38.2
k99_10009112_4	ENOG410XQND	4.9e-45	155.3
k99_10009112_5	COG0346	4.9e-07	29.9
k99_10009112_6	COG1529	1.5e-20	73.3
k99_10009112_7	COG0146	6.4e-67	227.1
k99_10009121_1	COG0174	3.6e-83	282.0
k99_10009121_2	COG0744	2.9e-65	222.8
k99_10009127_1	ENOG410XP5G	6.9e-31	108.7
k99_10009127_3	ENOG410ZSYA	3.2e-36	126.7
k99_10009127_4	ENOG4111IW2	1.5e-17	65.5
k99_10009127_6	COG3428	1.7e-56	193.8
k99_10009130_1	COG1887	1.3e-40	141.4
k99_10009146_1	ENOG4111M2B	1.3e-75	257.1
k99_10009146_13	ENOG4111AT2	3.7e-53	182.2
k99_10009146_14	ENOG4111AT2	3.6e-43	149.2
k99_10009146_15	ENOG4111AT2	6.1e-23	82.5
k99_10009146_16	ENOG4111AT2	3.8e-46	159.1
k99_10009146_17	ENOG410XUZS	7.7e-14	53.0
k99_10009146_19	ENOG4111Z7X	3.4e-05	24.4
k99_10009146_2	ENOG410ZNC0	4.1e-37	129.7
k99_10009146_28	ENOG410YY9R	1.3e-20	74.7
k99_10009146_29	ENOG41125SZ	6.4e-24	86.4
k99_10009146_30	ENOG410YIKI	2e-51	176.8
k99_10009146_31	COG0112	1.2e-54	187.5
k99_10009146_32	COG0112	1.2e-10	42.1
k99_10009146_34	COG0112	1.1e-18	68.7
k99_10009146_35	COG0112	2.2e-78	265.9
k99_10009146_37	ENOG410XQ7J	4.4e-23	82.2
k99_10009146_38	COG1054	7.4e-57	194.4
k99_10009146_39	COG0548	3.9e-104	351.2
k99_10009146_4	ENOG410ZNC0	2.7e-33	117.1
k99_10009146_40	COG5535	7.1e-88	297.3
k99_10009146_44	ENOG411150R	1.2e-59	204.0
k99_10009146_48	COG3000	1.4e-22	80.4
k99_10009146_49	ENOG4111DPK	6.5e-65	221.4
k99_10009146_51	ENOG410XUCG	7.3e-11	42.2
k99_10009146_8	COG1575	2.8e-15	57.3
k99_10009146_9	COG1575	1.2e-32	114.7
k99_10009151_2	ENOG4111MM7	2.5e-33	116.9
k99_10009151_3	ENOG4111MM7	7.2e-16	59.0
k99_10009157_1	COG1805	1.3e-68	233.8
k99_10009157_10	ENOG410XPNR	4.6e-106	357.4
k99_10009157_11	ENOG410XPRE	1.6e-08	34.7
k99_10009157_12	ENOG410XZDB	6.6e-08	33.0
k99_10009157_13	ENOG410Y5QU	4.1e-46	159.6
k99_10009157_15	ENOG4111P35	3.4e-06	28.1
k99_10009157_2	COG2869	4e-86	290.4
k99_10009157_3	COG1347	9e-98	327.7
k99_10009157_4	COG2209	1e-96	324.6
k99_10009157_5	COG2871	2.9e-127	427.9
k99_10009157_6	COG1477	2.6e-84	285.5
k99_10009157_7	ENOG4111G2J	9.4e-52	177.6
k99_10009157_8	COG2991	9.5e-10	39.7
k99_10009160_1	ENOG410ZM4Z	3.5e-24	87.0
k99_10009160_2	COG3464	1.6e-57	197.3
k99_10009176_1	ENOG410XPF1	1.3e-25	91.8
k99_10009210_1	COG0577	3.3e-72	245.3
k99_10009210_2	COG1136	1.1e-108	366.7
k99_10009210_3	ENOG410ZVKK	1.1e-09	39.2
k99_10009237_1	ENOG4110336	2.7e-17	64.8
k99_10009237_2	COG2274	4.2e-90	304.5
k99_10009255_1	ENOG4111S53	5.5e-07	29.9
k99_10009255_2	ENOG4111AY6	7.6e-48	165.6
k99_10009301_1	COG1554	3.2e-26	93.1
k99_10009301_2	COG0366	5.4e-36	124.2
k99_10009307_1	ENOG4111SE4	1.7e-83	282.1
k99_10009307_2	COG2072	1.1e-58	200.5
k99_10009339_1	ENOG410ZN2A	5.4e-15	57.3
k99_10009369_1	ENOG4112019	2.1e-25	90.7
k99_10009369_2	ENOG4112AXE	5.8e-31	109.5
k99_10009393_1	COG0714	3.6e-47	162.0
k99_10009393_2	ENOG410XPJ6	1.8e-23	84.5
k99_10009393_3	ENOG4111HJ8	5e-76	256.8
k99_10009429_1	COG1032	2.1e-23	84.2
k99_10009429_2	COG1032	1.5e-05	25.0
k99_10009441_1	COG0318	1.5e-122	410.2
k99_10009441_3	COG2515	6.7e-76	258.1
k99_10009442_2	ENOG4111QF0	1.2e-24	88.7
k99_10009442_3	COG3088	7e-18	66.9
k99_10009447_2	ENOG410XQ5Y	7.8e-09	35.8
k99_10009478_1	ENOG410ZWM5	1.3e-23	85.3
k99_10009478_2	COG1832	3.1e-50	172.4
k99_10009478_3	COG1018	3.3e-18	65.8
k99_10009478_4	ENOG410XP4F	2.7e-130	437.8
k99_10009541_1	COG1798	1.9e-119	401.3
k99_10009541_2	ENOG4112CWT	1.3e-08	36.8
k99_10009541_3	ENOG410XPH3	7.1e-206	688.2
k99_10009541_4	ENOG4111IA8	3.7e-20	73.9
k99_10009563_1	ENOG410Y1R1	2.3e-09	38.8
k99_10009563_2	COG1352	1.9e-71	243.2
k99_10009563_3	ENOG4111PD0	1.6e-63	215.8
k99_10009563_4	ENOG410ZHJX	9.5e-36	124.7
k99_10009563_5	ENOG410Y2T6	8.6e-46	158.2
k99_10009578_1	COG4591	9.5e-65	221.2
k99_10009578_2	COG4591	3.9e-12	47.1
k99_10009597_1	ENOG4111K0K	1.9e-50	173.7
k99_10009600_1	ENOG4111IE7	5.8e-50	172.3
k99_10009621_1	ENOG410YNAX	2.4e-100	338.4
k99_10009639_1	COG0208	2e-27	97.4
k99_10009639_3	ENOG411249W	7.8e-05	23.7
k99_1000965_1	COG0539	1.6e-58	199.7
k99_10009662_3	ENOG410ZMDV	8.6e-15	55.5
k99_1000967_1	COG2825	3e-14	54.9
k99_1000967_2	COG2825	9.4e-09	36.9
k99_10009689_1	ENOG410ZFVU	3.1e-38	133.7
k99_10009707_5	ENOG410Y7JF	1.1e-06	26.9
k99_10009719_1	COG1215	3.8e-88	296.5
k99_10009723_1	COG0304	8.2e-84	282.6
k99_10009762_1	ENOG410ZGKI	4.8e-96	324.0
k99_10009838_1	COG0790	5.1e-46	157.2
k99_10009841_1	ENOG410XPD8	3.5e-88	296.6
k99_10009843_1	ENOG41112TC	1.3e-54	187.4
k99_10009843_2	COG0334	8.2e-69	234.4
k99_10009855_2	COG5024	2e-27	97.2
k99_1000987_1	COG3864	4.7e-42	146.3
k99_1000987_11	ENOG410XUF6	2.3e-10	42.3
k99_1000987_12	ENOG4111HPQ	8.8e-33	115.8
k99_1000987_15	COG0417	2.2e-27	96.3
k99_1000987_16	ENOG4111TD0	1.7e-16	62.2
