k99_10000003_4	2.7.11.1	3.4e-39	136.4
k99_10000005_1	6.1.1.17	6.6e-59	201.1
k99_1000001_2	2.1.1.-	6.5e-19	69.9
k99_10000020_1	2.3.1.181	1.3e-70	241.1
k99_10000020_2	2.8.1.8	9.4e-135	452.6
k99_10000021_1	3.5.4.4	5e-26	93.3
k99_10000067_2	2.6.1.-	1.3e-99	336.1
k99_10000077_2	1.9.3.1	5.2e-54	185.6
k99_10000077_5	2.5.1.-	7e-88	297.5
k99_10000085_1	3.6.3.25	1.4e-98	332.3
k99_10000088_4	2.3.1.30	2.5e-18	68.4
k99_10000088_5	2.1.3.-	2.8e-26	93.3
k99_10000124_1	4.2.1.-	9.3e-83	280.1
k99_10000124_1	4.2.1.3	9.3e-83	280.1
k99_10000154_1	3.6.3.41	1.6e-73	247.4
k99_1000015_1	1.6.5.-	8.5e-107	360.2
k99_10000202_6	2.5.1.49	3.5e-129	434.5
k99_10000220_3	1.1.1.100	1e-77	263.8
k99_10000220_4	4.2.1.-	4.8e-30	105.8
k99_10000220_6	2.3.1.179	5e-91	306.6
k99_10000270_10	5.99.1.3	3.5e-293	977.9
k99_10000270_11	2.7.1.69	9.4e-52	176.4
k99_10000270_12	3.4.24.-	1.8e-162	544.5
k99_10000270_15	2.4.1.187	8.6e-68	231.1
k99_10000270_16	2.7.7.7	1.9e-91	307.6
k99_10000270_18	3.1.3.25	1.4e-71	244.2
k99_10000270_19	1.7.1.13	1.8e-28	101.0
k99_10000270_20	2.1.1.206	5.9e-106	357.3
k99_10000270_22	2.4.1.129	3.3e-106	358.4
k99_10000270_23	3.1.26.12	2.1e-164	550.4
k99_10000270_3	3.1.11.5	6e-139	466.7
k99_10000270_8	5.99.1.3	7.8e-293	976.8
k99_10000306_1	1.8.1.4	3.1e-20	72.1
k99_10000306_10	6.3.4.2	1.3e-247	826.7
k99_10000306_11	3.6.1.13	1.4e-39	137.1
k99_10000306_15	6.1.1.2	3.1e-99	335.2
k99_10000306_17	2.8.1.1	1.1e-62	213.8
k99_10000306_17	2.8.1.2	1.1e-62	213.8
k99_10000306_2	1.16.1.1	6.2e-38	132.2
k99_10000306_5	3.1.3.41	5.4e-50	171.9
k99_10000306_7	2.1.1.226	4.5e-105	353.6
k99_10000306_7	2.1.1.227	4.5e-105	353.6
k99_10000306_8	2.7.1.23	1.5e-64	219.8
k99_10000330_1	2.7.13.3	1.1e-68	233.5
k99_10000373_1	3.6.5.-	6.9e-23	82.1
k99_100003_5	2.5.1.-	2.1e-21	78.0
k99_10000545_2	2.7.1.-	1.8e-36	127.4
k99_10000551_1	2.7.8.1	2.8e-61	208.4
k99_10000555_5	2.7.7.6	1.2e-16	62.7
k99_10000558_2	2.5.1.72	1e-07	32.9
k99_10000563_2	2.7.7.50	1e-18	69.1
k99_10000566_2	3.1.11.2	8.2e-73	247.5
k99_1000056_2	1.14.13.8	4.5e-36	125.6
k99_10000626_2	2.1.1.163	1.1e-48	167.6
k99_10000626_2	2.1.1.201	1.1e-48	167.6
k99_10000626_3	5.3.1.16	4e-51	176.2
k99_10000626_4	1.4.1.13	2.7e-06	25.9
k99_10000626_4	1.4.1.14	2.7e-06	25.9
k99_10000627_1	4.1.3.-	2e-71	242.7
k99_10000627_2	2.4.2.-	1.4e-41	144.2
k99_10000646_2	2.8.1.9	4e-27	96.7
k99_10000761_2	2.3.2.2	2.7e-142	477.5
k99_10000761_4	3.4.21.-	1.8e-91	308.8
k99_10000775_1	1.1.1.274	3.8e-16	60.1
k99_1000080_2	2.5.1.16	9.2e-53	181.3
k99_1000081_1	2.3.1.179	4.5e-186	622.2
k99_10000827_1	3.4.24.-	1.5e-59	204.0
k99_10000827_10	2.8.1.-	2.9e-124	417.9
k99_10000827_11	3.1.26.3	7.6e-53	180.3
k99_10000827_2	2.5.1.15	3.1e-98	332.2
k99_10000827_6	2.6.99.2	2.2e-91	308.7
k99_10000827_7	1.6.5.3	1.3e-95	322.7
k99_10000827_7	1.6.99.3	1.3e-95	322.7
k99_10000827_8	5.1.1.1	1.1e-44	154.2
k99_10000827_9	2.8.1.7	6.9e-120	403.7
k99_1000084_6	3.6.3.-	1.4e-23	83.9
k99_10000959_1	2.6.99.2	2e-140	470.3
k99_10000990_1	6.2.1.1	7e-142	476.0
k99_10001004_1	1.6.5.3	6e-12	46.6
k99_10001014_2	2.4.1.18	7.8e-276	920.4
k99_10001014_3	2.7.1.24	2.9e-14	53.5
k99_10001094_2	1.1.1.100	1.3e-109	367.1
k99_100010_1	3.1.26.11	4.1e-27	96.5
k99_10001125_1	2.7.7.6	7.5e-36	125.6
k99_10001125_1	5.2.1.8	7.5e-36	125.6
k99_10001125_2	6.3.5.1	2.1e-11	45.2
k99_10001129_1	6.1.1.4	3.7e-203	679.6
k99_10001181_1	2.3.1.9	2.2e-15	55.1
k99_10001181_2	2.8.3.5	2.6e-105	355.0
k99_10001181_3	2.8.3.5	2.3e-121	408.3
k99_10001211_4	3.6.1.27	1.9e-94	318.6
k99_10001211_5	5.4.99.25	1.5e-77	262.1
k99_10001211_6	2.4.99.17	6.7e-147	492.3
k99_10001211_7	2.5.1.-	5.6e-95	320.9
k99_10001211_8	1.9.3.1	4e-51	175.2
k99_10001211_9	1.9.3.1	2.7e-40	139.9
k99_10001246_1	1.4.1.13	4e-151	506.3
k99_10001246_1	1.4.1.14	4e-151	506.3
k99_1000124_2	2.7.11.1	7.1e-41	142.4
k99_10001300_1	3.1.4.50	8.6e-113	379.9
k99_10001318_2	2.4.99.17	1e-81	276.7
k99_10001324_1	3.5.2.14	2.1e-116	391.5
k99_10001324_3	4.2.1.24	4.1e-153	513.6
k99_10001324_4	2.5.1.49	3.2e-225	752.3
k99_10001339_1	1.17.1.2	1.4e-132	446.0
k99_10001434_2	2.3.1.118	2.5e-50	173.0
k99_10001491_2	3.6.3.-	1.5e-57	196.4
k99_10001491_7	3.1.3.77	2.1e-95	322.7
k99_10001510_3	6.1.1.2	3.6e-09	37.2
k99_1000151_1	4.2.1.51	1.7e-09	38.0
k99_10001529_1	3.1.2.15	3e-26	90.7
k99_10001615_1	2.7.10.-	2e-86	292.8
k99_10001615_2	1.6.5.3	8.9e-56	191.5
k99_10001671_1	3.6.3.14	4.9e-66	224.7
k99_10001671_2	3.6.3.14	1.6e-16	61.8
k99_10001671_3	3.6.3.14	5e-28	100.4
k99_10001732_1	2.7.7.7	2.6e-53	182.2
k99_10001743_1	6.2.1.1	3.5e-83	281.3
k99_10001765_2	2.7.7.38	5.4e-106	357.2
k99_10001807_1	1.2.4.1	1.3e-78	266.5
k99_10001807_2	1.1.1.271	1.2e-15	59.4
k99_10001813_11	2.-.-.-	2.4e-57	196.5
k99_10001813_12	4.2.3.1	2.3e-68	233.3
k99_10001813_14	2.7.1.91	4.8e-43	148.8
k99_10001813_15	6.3.5.4	2.3e-85	288.8
k99_10001813_2	5.1.3.14	1.7e-79	269.8
k99_10001813_3	2.5.1.56	8.7e-138	463.0
k99_10001813_6	2.7.7.43	5e-59	201.0
k99_10001813_7	1.1.1.100	1.2e-67	230.6
k99_10001814_1	2.7.3.-	2.9e-63	216.4
k99_10001814_2	1.1.1.94	7.4e-83	280.9
k99_10001867_1	1.4.3.16	2.7e-66	226.0
k99_10001917_1	3.1.2.-	1.3e-06	30.0
k99_10001951_1	2.7.1.40	9.9e-181	605.2
k99_10001966_3	4.2.2.3	2.2e-09	37.6
k99_1000197_1	1.3.8.1	2e-118	399.2
k99_1000203_4	1.5.1.-	6.1e-30	106.1
k99_1000203_5	2.7.13.3	4.7e-118	396.6
k99_1000203_6	3.6.1.29	4.6e-25	88.9
k99_1000203_9	6.3.4.18	7.5e-101	340.5
k99_10002106_1	2.5.1.56	1.4e-111	376.3
k99_10002106_2	2.7.7.43	2.5e-10	39.5
k99_1000212_1	2.7.13.3	1.5e-39	136.1
k99_10002222_2	2.7.13.3	2.1e-93	313.8
k99_10002222_4	2.7.9.3	1e-109	369.6
k99_10002222_5	2.9.1.-	2.2e-22	81.3
k99_10002242_1	2.1.1.-	6.4e-15	56.0
k99_10002242_2	5.1.3.13	1.7e-46	160.9
k99_10002242_3	4.2.1.46	2.6e-60	206.0
k99_10002248_5	2.7.11.1	4.6e-130	437.6
k99_10002290_1	2.7.11.1	7.1e-62	211.0
k99_10002509_2	3.4.11.1	1.1e-137	462.4
k99_10002510_1	1.4.1.13	0	1379.8
k99_10002510_1	1.4.1.14	0	1379.8
k99_10002537_1	4.2.1.2	3.4e-49	169.4
k99_10002660_2	3.2.1.26	1.3e-40	140.7
k99_10002708_2	1.14.99.22	1.8e-33	116.5
k99_10002708_2	2.6.1.-	1.8e-33	116.5
k99_10002708_3	1.14.99.22	6.5e-38	131.2
k99_10002708_3	2.6.1.-	6.5e-38	131.2
k99_10002777_1	1.14.13.8	9.8e-34	117.8
k99_10002821_4	3.6.3.25	2.3e-152	511.4
k99_10002821_5	3.6.3.30	1.7e-91	309.0
k99_10002821_6	2.7.1.29	8.6e-18	65.7
k99_10002899_1	5.3.1.9	5.8e-74	251.1
k99_1000296_1	2.1.1.-	2.3e-105	355.1
k99_1000296_4	1.18.6.1	5.3e-05	23.6
k99_10002970_1	6.3.5.5	1.5e-32	113.1
k99_10002970_10	3.5.2.14	1.3e-63	216.3
k99_10002970_2	3.5.1.81	2.3e-165	553.9
k99_10002970_4	3.1.2.-	3.7e-34	119.5
k99_10002970_8	3.1.4.1	1.3e-48	167.7
k99_10002970_8	3.6.1.9	1.3e-48	167.7
k99_10002970_9	3.5.2.14	8.3e-148	495.5
k99_10002978_1	2.7.7.7	3.1e-63	216.4
k99_10003000_3	3.1.-.-	6e-201	671.8
k99_10003000_5	1.14.99.22	1.7e-114	385.3
k99_10003000_5	2.6.1.-	1.7e-114	385.3
k99_10003027_2	4.2.1.59	7.7e-150	502.3
k99_10003027_3	3.4.24.-	1.1e-76	259.4
k99_10003027_4	1.1.1.267	1.3e-56	192.9
k99_10003030_2	5.99.1.3	3.8e-48	165.8
k99_10003055_1	6.2.1.-	5.2e-135	452.7
k99_10003113_4	3.1.2.6	8.2e-54	184.5
k99_10003113_6	6.6.1.1	9.9e-63	214.6
k99_10003113_7	1.1.1.-	2.6e-38	133.7
k99_10003113_8	2.6.1.19	8.1e-21	74.5
k99_10003139_2	2.4.99.18	2e-44	152.7
k99_10003180_1	6.2.1.1	2.3e-82	278.6
k99_10003180_2	5.3.1.-	3e-09	38.1
k99_10003193_1	2.4.1.221	2e-34	120.9
k99_10003193_2	2.4.1.221	1.4e-39	137.9
k99_10003210_3	3.6.4.-	8.1e-61	205.2
k99_10003210_4	2.1.1.72	5.7e-17	62.9
k99_10003252_1	2.4.1.129	4e-72	245.6
k99_10003252_2	2.4.1.129	5.7e-158	529.8
k99_10003271_3	2.4.1.129	5.1e-19	69.4
k99_10003324_1	1.6.5.3	4.3e-137	460.4
k99_10003324_3	1.6.5.3	4e-36	126.3
k99_10003367_1	3.1.2.15	4.6e-29	100.1
k99_10003431_2	2.3.1.-	1.8e-05	26.3
k99_10003439_2	2.4.1.129	1.7e-05	25.0
k99_10003439_3	2.4.1.129	2e-115	388.9
k99_10003439_4	2.4.1.129	9.9e-109	366.7
k99_10003439_5	2.7.11.1	7.4e-169	564.8
k99_10003440_2	2.7.4.21	0	1049.8
k99_10003440_2	2.7.4.24	0	1049.8
k99_10003440_3	1.14.19.-	2.2e-26	94.4
k99_10003440_5	2.8.1.7	3.8e-109	367.6
k99_10003440_5	4.4.1.16	3.8e-109	367.6
k99_10003440_6	1.14.11.-	2.3e-25	90.0
k99_1000344_2	3.1.21.-	1.8e-20	74.3
k99_10003454_4	1.1.1.1	3.8e-06	26.8
k99_10003578_17	1.8.3.2	1.3e-75	256.7
k99_10003578_20	3.1.3.16	5.4e-38	131.2
k99_10003593_2	2.7.11.22	6.3e-05	23.6
k99_10003593_4	6.3.2.19	5.4e-15	57.0
k99_10003594_1	2.7.11.1	3.1e-62	212.7
k99_10003608_2	3.6.3.40	1e-83	284.0
k99_10003656_1	2.7.11.1	1.5e-39	137.6
k99_10003656_2	2.7.11.1	8.6e-24	85.4
k99_10003719_3	3.1.1.-	3.1e-57	195.3
k99_10003768_1	4.2.1.59	3.6e-64	219.2
k99_10003802_6	4.2.1.47	1.3e-122	412.1
k99_1000382_2	3.4.22.-	1.3e-79	269.8
k99_10003860_1	2.4.2.14	7.7e-156	522.7
k99_10003864_3	1.8.4.11	5.7e-56	192.1
k99_10003864_3	1.8.4.12	5.7e-56	192.1
k99_10003928_1	2.1.1.176	3.8e-46	158.7
k99_10003928_2	2.1.2.9	1.7e-64	219.7
k99_10003928_3	3.5.1.88	1.1e-55	190.7
k99_10003928_4	3.6.4.-	1.1e-62	213.9
k99_10003951_2	2.7.1.69	1.1e-44	154.9
k99_10003951_3	1.1.99.28	1.4e-42	147.6
k99_10003951_5	2.7.1.2	9.3e-58	198.1
k99_10003951_6	4.1.2.4	8.2e-80	271.1
k99_10003951_7	4.2.1.44	1.8e-113	380.3
k99_10003967_1	1.3.99.22	7.1e-95	320.4
k99_10004006_2	1.2.1.11	2.4e-129	434.4
k99_10004078_3	3.6.3.-	3.6e-102	345.1
k99_10004080_1	1.1.1.-	1.3e-33	118.4
k99_10004080_2	5.99.1.3	2.9e-47	162.8
k99_1000412_2	3.6.4.12	2.2e-116	391.0
k99_10004133_2	3.1.-.-	4.1e-27	95.1
k99_10004138_2	2.7.8.20	2.6e-67	229.8
k99_10004138_3	2.7.1.91	6.8e-33	115.1
k99_10004162_1	1.1.5.3	3.2e-53	182.7
k99_10004162_3	3.5.1.28	4.3e-73	248.6
k99_1000417_1	1.-.-.-	1.7e-48	166.8
k99_10004242_1	2.3.1.157	2.9e-68	232.1
k99_10004242_1	2.7.7.23	2.9e-68	232.1
k99_10004261_3	3.1.3.16	1.5e-23	83.3
k99_10004261_3	3.1.3.48	1.5e-23	83.3
k99_10004457_1	5.1.3.2	8.8e-94	316.2
k99_10004457_3	5.1.3.2	5.7e-50	171.8
k99_10004457_5	2.4.-.-	7e-20	72.3
k99_10004457_6	2.4.-.-	4.5e-39	135.8
k99_10004488_3	2.7.11.1	3e-07	31.0
k99_10004558_1	3.1.1.61	1.8e-37	130.5
k99_10004558_2	2.7.10.-	3.9e-20	73.4
k99_10004558_3	1.14.11.18	3.3e-50	172.9
k99_10004651_1	4.2.1.11	6.4e-163	545.8
k99_10004660_2	1.5.1.-	1.1e-27	98.6
k99_10004663_1	2.7.4.9	4.5e-54	186.1
k99_10004663_2	2.7.7.7	2.6e-33	116.9
k99_10004672_1	1.4.3.16	1.7e-105	355.5
k99_10004674_2	4.4.1.5	4.8e-34	119.4
k99_10004734_2	6.2.1.17	2.3e-40	141.1
k99_10004734_3	6.2.1.17	5.2e-95	321.5
k99_10004734_4	6.2.1.17	3.1e-95	322.3
k99_10004734_9	2.1.1.80	1.7e-105	354.9
k99_10004734_9	3.6.1.-	1.7e-105	354.9
k99_1000473_2	4.3.3.7	3.8e-43	149.5
k99_1000473_3	1.4.3.16	5.7e-197	657.7
k99_1000473_4	3.6.4.13	3.7e-214	715.8
k99_10004743_1	3.7.1.3	1.4e-09	38.1
k99_10004746_1	3.2.1.21	2.1e-126	424.2
k99_10004779_1	2.7.1.69	6e-197	658.8
k99_10004814_1	2.7.7.38	2.5e-21	77.5
k99_10004910_3	2.1.1.199	8e-93	313.7
k99_10004910_6	2.4.1.129	2.7e-53	183.0
k99_10004928_1	2.7.7.72	2.9e-58	199.7
k99_10004928_1	3.1.3.-	2.9e-58	199.7
k99_10004928_1	3.1.4.-	2.9e-58	199.7
k99_10004928_2	5.4.99.25	3.7e-85	287.4
k99_10004928_3	2.7.1.26	2.5e-05	23.9
k99_10004928_3	2.7.7.2	2.5e-05	23.9
k99_10004956_2	3.6.4.4	8.6e-34	114.8
k99_10004997_10	1.6.5.3	1.8e-53	183.8
k99_10004997_11	1.6.5.3	1.3e-184	617.3
k99_10004997_2	3.4.-.-	3.4e-43	149.8
k99_10004997_3	3.4.-.-	2.5e-47	163.5
k99_10004997_5	2.4.2.17	5.4e-108	363.5
k99_10004997_6	6.3.4.4	5.3e-198	662.1
k99_10004997_7	1.6.5.3	2.4e-41	143.9
k99_10004997_8	1.6.5.3	8.4e-92	310.8
k99_10004997_9	1.6.5.3	2.4e-254	849.0
k99_10005020_2	4.3.1.3	2.1e-35	123.7
k99_10005065_1	3.1.21.3	1.3e-153	515.5
k99_10005295_1	2.4.1.21	2.4e-134	450.9
k99_10005295_2	1.14.11.-	4.1e-06	27.9
k99_10005302_4	3.5.1.28	3.5e-09	38.7
k99_10005313_1	3.2.1.22	5e-139	467.1
k99_10005393_1	1.14.11.-	8.8e-107	359.1
k99_10005393_2	4.2.1.108	3.4e-52	179.6
k99_10005393_3	2.6.1.19	2.2e-103	348.4
k99_10005393_4	2.3.1.178	1.1e-47	163.3
k99_10005400_1	6.3.5.6	4.9e-70	237.6
k99_10005400_1	6.3.5.7	4.9e-70	237.6
k99_10005411_1	3.1.-.-	8.8e-178	595.1
k99_10005411_2	2.1.1.185	1.5e-48	166.7
k99_10005411_3	2.7.8.5	3.3e-55	188.6
k99_10005430_1	3.5.1.1	3.7e-49	169.1
k99_10005430_4	6.3.5.6	1.8e-64	219.1
k99_10005430_4	6.3.5.7	1.8e-64	219.1
k99_10005466_5	2.7.13.3	2.6e-76	259.3
k99_10005557_1	2.7.13.3	2.8e-69	236.0
k99_10005615_1	1.17.4.1	3.9e-143	480.3
k99_10005619_1	2.7.9.3	1.3e-75	256.6
k99_10005654_1	2.7.-.-	1.9e-25	89.2
k99_10005666_1	2.3.1.-	3.7e-79	268.6
k99_1000566_3	3.6.3.41	3.8e-76	256.1
k99_10005727_1	5.3.4.1	1.3e-39	136.0
k99_10005777_1	3.4.14.5	5.2e-76	257.3
k99_10005777_10	1.9.3.1	8.6e-47	161.3
k99_10005777_11	1.9.3.1	7.8e-105	352.7
k99_10005777_13	3.5.1.81	6.5e-157	525.9
k99_10005777_15	4.3.1.19	1.2e-101	343.0
k99_10005777_16	2.1.1.199	1.7e-90	306.0
k99_10005777_22	2.7.13.3	1.5e-68	233.4
k99_10005777_25	3.6.3.41	2.9e-79	266.4
k99_10005777_27	2.7.13.3	3.7e-38	133.1
k99_10005777_28	2.7.13.3	8.8e-40	135.7
k99_10005777_29	5.99.1.3	1.4e-242	810.3
k99_10005777_33	1.2.4.2	0	1085.2
k99_10005867_1	6.1.1.7	2.7e-126	424.7
k99_10005950_1	1.1.5.2	0	1199.6
k99_10005951_1	3.4.11.9	1.7e-73	249.7
k99_10005952_1	1.5.1.5	2.7e-32	112.6
k99_10005952_1	3.5.4.9	2.7e-32	112.6
k99_10005952_3	2.7.7.13	8.4e-31	107.7
k99_10005952_4	2.1.2.2	6e-28	98.7
k99_10006008_1	5.3.4.1	3.1e-34	118.1
k99_10006012_1	3.6.4.-	4.8e-19	66.5
k99_10006021_1	2.1.2.2	1.9e-77	262.9
k99_10006021_2	2.1.2.3	7.2e-60	204.9
k99_10006021_2	3.5.4.10	7.2e-60	204.9
k99_10006078_1	2.7.7.7	6e-05	24.0
k99_1000609_2	3.4.25.2	9.6e-86	290.6
k99_10006114_1	3.1.21.3	1.7e-128	432.3
k99_10006157_1	2.4.2.18	5.9e-05	22.7
k99_10006157_2	4.1.1.48	3.4e-116	391.3
k99_10006157_3	2.7.4.-	1.6e-46	161.1
k99_10006169_2	1.1.1.-	3.6e-90	304.1
k99_10006169_4	1.14.14.12	5.6e-72	244.2
k99_10006270_3	5.4.1.2	5e-15	57.3
k99_10006271_1	3.2.1.4	1.6e-89	302.8
k99_10006292_1	3.4.22.-	0	1969.0
k99_10006292_1	3.6.1.3	0	1969.0
k99_10006302_1	2.7.7.6	4e-158	529.5
k99_10006342_2	1.8.3.1	5.8e-44	151.6
k99_10006342_3	2.7.8.8	2.8e-49	170.2
k99_10006345_4	6.1.1.2	6.7e-92	310.8
k99_10006369_1	3.4.21.83	5.8e-199	664.7
k99_10006369_2	2.7.13.3	4.3e-14	54.1
k99_1000636_1	1.1.99.28	7.7e-42	145.2
k99_10006392_1	5.2.1.8	1.9e-19	71.4
k99_10006545_1	2.8.1.-	1e-23	85.1
k99_1000660_2	2.3.1.128	2.2e-38	134.4
k99_10006627_1	4.2.1.46	5.6e-79	267.8
k99_1000662_1	2.7.1.15	6.8e-41	142.4
k99_1000662_3	3.2.-.-	1.9e-05	25.0
k99_10006668_1	1.7.-.-	8.7e-76	257.7
k99_100066_1	6.3.2.19	4.6e-67	226.3
k99_10006712_1	2.1.1.13	3.4e-103	348.1
k99_10006712_2	2.1.1.13	5.4e-90	304.4
k99_10006755_2	2.1.1.-	7.3e-75	253.6
k99_10006814_1	2.2.1.7	4.5e-176	590.1
k99_10006850_1	5.1.3.2	1.1e-29	105.2
k99_10006850_3	2.4.1.83	3.7e-16	60.9
k99_1000686_1	2.7.11.1	2.4e-59	203.2
k99_10006880_1	3.1.4.17	2.1e-11	44.9
k99_10006880_2	6.3.2.6	2.4e-97	329.0
k99_10006880_3	4.1.2.13	2.5e-93	315.3
k99_10006880_4	2.7.1.40	1.8e-189	634.2
k99_10006896_4	4.1.2.13	2.1e-120	405.1
k99_10006896_5	3.1.3.11	1.2e-28	101.5
k99_10007055_2	4.1.3.34	2.6e-77	262.4
k99_10007055_2	4.1.3.6	2.6e-77	262.4
k99_10007064_2	2.7.8.27	6.3e-20	72.6
k99_10007089_1	3.1.11.5	3e-46	157.5
k99_10007130_2	3.1.-.-	4.2e-38	133.0
k99_10007187_2	2.7.13.3	8.8e-51	175.0
k99_10007243_2	2.1.1.-	3.7e-100	337.8
k99_10007248_2	3.1.1.3	9.6e-15	54.6
k99_10007301_1	6.2.1.17	1.1e-83	284.2
k99_10007305_1	2.4.1.-	8.6e-109	366.6
k99_10007305_1	3.4.-.-	8.6e-109	366.6
k99_10007322_2	2.8.1.1	1.1e-09	39.5
k99_10007322_2	2.8.1.2	1.1e-09	39.5
k99_10007389_1	6.4.1.1	0	1324.2
k99_10007507_1	1.3.99.1	7.5e-87	294.3
k99_10007507_4	2.6.1.62	3.6e-125	420.9
k99_10007555_1	3.1.13.-	8.5e-38	131.4
k99_10007567_2	2.8.3.16	8.5e-53	180.7
k99_10007583_1	3.1.11.-	5.7e-20	72.9
k99_10007603_1	2.7.13.3	2.6e-63	216.1
k99_10007610_1	2.2.1.6	3.3e-44	152.5
k99_10007618_1	2.2.1.2	2.8e-27	95.7
k99_10007618_2	3.1.3.3	2.9e-56	192.6
k99_10007658_2	1.2.4.1	3e-184	616.7
k99_10007678_1	4.2.1.46	1.3e-40	140.8
k99_10007678_2	5.1.3.13	3.4e-70	239.1
k99_10007721_3	3.6.4.12	1.4e-158	531.8
k99_1000772_3	2.4.1.-	1.5e-08	35.6
k99_10007754_3	5.4.1.2	3.2e-13	51.3
k99_10007769_2	3.4.25.2	1.6e-105	356.1
k99_10007797_1	2.7.7.7	4.3e-61	208.6
k99_10007801_4	3.4.11.4	5.4e-45	155.8
k99_10007870_1	3.6.4.-	2e-24	84.3
k99_10007918_2	1.1.1.35	2.5e-84	285.6
k99_10007918_2	4.2.1.107	2.5e-84	285.6
k99_10007943_1	2.7.11.1	1.5e-91	307.3
k99_10008139_9	2.1.1.148	3.4e-29	104.1
k99_10008216_2	1.14.13.107	4.1e-109	366.7
k99_10008296_2	3.4.13.22	4.5e-53	181.8
k99_10008342_3	4.4.1.5	1.6e-21	78.5
k99_10008348_3	1.2.1.2	6.9e-10	39.7
k99_10008360_2	3.6.3.24	3.3e-37	129.3
k99_10008360_3	3.6.3.-	2e-54	186.8
k99_10008360_3	3.6.3.24	2e-54	186.8
k99_10008360_4	3.6.3.-	4.6e-48	165.8
k99_10008360_4	3.6.3.24	4.6e-48	165.8
k99_10008362_1	3.6.3.25	7.3e-15	55.1
k99_10008362_2	3.4.21.-	4.5e-69	235.1
k99_10008362_3	4.3.2.1	1.9e-236	790.0
k99_1000836_1	2.1.1.-	1.1e-86	293.3
k99_1000838_2	3.6.4.12	8e-18	66.5
k99_10008393_3	2.7.7.6	6.4e-87	293.0
k99_1000839_1	2.5.1.-	1.6e-75	256.4
k99_10008466_2	4.1.2.13	3.9e-63	215.2
k99_10008466_3	5.3.1.-	1.1e-13	52.6
k99_10008489_1	2.3.3.13	7e-05	21.8
k99_10008489_4	3.4.11.18	6.7e-72	244.0
k99_10008533_1	2.7.7.3	2e-66	226.3
k99_10008533_12	2.6.99.2	2.8e-34	121.0
k99_10008533_14	2.7.8.8	2.7e-46	160.3
k99_10008533_15	1.17.1.2	5.8e-76	258.4
k99_10008533_16	6.3.2.8	4.8e-166	556.6
k99_10008533_17	3.6.1.1	1.6e-19	68.7
k99_10008533_4	2.3.1.15	4.9e-131	439.4
k99_10008533_5	2.3.1.180	5.8e-125	420.1
k99_10008533_6	2.3.1.39	6.9e-93	313.0
k99_10008533_7	1.1.1.100	1.7e-93	316.0
k99_10008533_9	2.3.1.179	1.9e-149	500.5
k99_10008580_1	2.1.2.1	1.2e-53	184.2
k99_10008580_2	2.1.2.1	1.9e-89	302.5
k99_10008580_3	5.3.1.6	2.7e-08	34.7
k99_10008614_2	6.-.-.-	6e-11	41.7
k99_10008696_1	5.1.3.2	1.4e-06	29.3
k99_10008696_2	5.1.3.2	9.6e-26	92.2
k99_10008708_1	4.2.1.11	5.6e-176	589.0
k99_10008708_2	6.3.5.5	5.7e-63	214.1
k99_1000870_1	2.1.2.1	5.8e-19	69.7
k99_1000870_2	2.7.7.41	3.6e-25	90.8
k99_1000870_3	2.7.7.41	7.6e-26	93.0
k99_1000870_4	4.3.3.7	3e-65	222.8
k99_10008735_3	2.7.13.3	1.7e-167	560.7
k99_10008735_5	1.7.1.13	1.4e-71	243.2
k99_10008735_7	3.6.3.41	1.1e-89	301.0
k99_10008839_1	2.7.7.6	5.3e-39	135.3
k99_10008839_3	3.6.4.12	2.9e-34	120.1
k99_10008840_1	6.3.4.15	6.1e-12	47.0
k99_10008840_2	2.4.2.17	7.1e-47	162.0
k99_10008853_2	2.1.1.185	3.3e-10	39.5
k99_10008866_1	2.7.9.3	5e-77	261.3
k99_10008868_2	2.1.1.37	2.5e-21	77.3
k99_10008912_4	3.1.2.1	2.2e-158	530.9
k99_1000895_17	6.3.2.6	2.3e-85	289.4
k99_1000895_18	3.4.24.-	1.6e-14	55.8
k99_1000895_2	5.4.2.1	3.4e-199	665.8
k99_1000895_3	2.1.1.177	3.8e-51	175.2
k99_1000895_4	2.7.7.18	3.3e-39	137.0
k99_1000895_5	2.7.7.18	1.6e-30	107.7
k99_1000895_6	1.2.1.41	5.1e-174	582.3
k99_1000895_7	2.7.2.11	2e-135	455.2
k99_10008976_2	3.4.-.-	2.1e-37	130.7
k99_10008976_3	3.4.-.-	2e-39	137.4
k99_10009030_1	2.7.7.-	1.7e-62	211.0
k99_10009041_1	2.3.3.13	2e-28	99.9
k99_10009041_2	2.3.1.9	7.6e-115	385.3
k99_10009076_2	3.6.4.12	3.2e-10	41.2
k99_10009086_2	1.1.1.267	3.3e-25	88.7
k99_10009112_1	2.8.3.16	2.9e-55	188.9
k99_10009112_5	4.4.1.5	4.9e-07	29.9
k99_10009112_7	3.5.2.14	6.4e-67	227.1
k99_10009121_1	6.3.1.2	3.6e-83	282.0
k99_10009121_2	2.4.1.-	2.9e-65	222.8
k99_10009121_2	3.4.-.-	2.9e-65	222.8
k99_10009127_1	2.1.1.41	6.9e-31	108.7
k99_10009130_1	2.7.8.12	1.3e-40	141.4
k99_10009146_2	3.1.1.23	4.1e-37	129.7
k99_10009146_30	3.6.5.-	2e-51	176.8
k99_10009146_31	2.1.2.1	1.2e-54	187.5
k99_10009146_32	2.1.2.1	1.2e-10	42.1
k99_10009146_34	2.1.2.1	1.1e-18	68.7
k99_10009146_35	2.1.2.1	2.2e-78	265.9
k99_10009146_37	3.1.2.15	4.4e-23	82.2
k99_10009146_39	2.7.2.8	3.9e-104	351.2
k99_10009146_4	3.1.1.23	2.7e-33	117.1
k99_10009146_8	2.5.1.-	2.8e-15	57.3
k99_10009146_8	2.5.1.74	2.8e-15	57.3
k99_10009146_9	2.5.1.-	1.2e-32	114.7
k99_10009146_9	2.5.1.74	1.2e-32	114.7
k99_10009157_1	1.6.5.-	1.3e-68	233.8
k99_10009157_2	1.6.5.-	4e-86	290.4
k99_10009157_3	1.6.5.-	9e-98	327.7
k99_10009157_4	1.6.5.-	1e-96	324.6
k99_10009157_5	1.6.5.-	2.9e-127	427.9
k99_10009176_1	3.2.1.22	1.3e-25	91.8
k99_10009210_1	3.6.3.-	3.3e-72	245.3
k99_10009210_2	3.6.3.-	1.1e-108	366.7
k99_10009237_2	3.4.22.-	4.2e-90	304.5
k99_10009307_2	1.14.13.8	1.1e-58	200.5
k99_10009393_1	3.6.3.-	3.6e-47	162.0
k99_10009429_1	4.-.-.-	2.1e-23	84.2
k99_10009429_2	4.-.-.-	1.5e-05	25.0
k99_10009441_3	3.5.99.7	6.7e-76	258.1
k99_10009478_2	2.5.1.49	3.1e-50	172.4
k99_10009541_1	2.1.1.98	1.9e-119	401.3
k99_10009541_3	2.7.1.67	7.1e-206	688.2
k99_10009563_2	2.1.1.80	1.9e-71	243.2
k99_10009563_2	3.1.1.61	1.9e-71	243.2
k99_10009597_1	2.3.1.51	1.9e-50	173.7
k99_10009600_1	2.1.1.72	5.8e-50	172.3
k99_10009639_1	1.17.4.1	2e-27	97.4
k99_1000965_1	1.17.1.2	1.6e-58	199.7
k99_10009707_5	2.7.11.1	1.1e-06	26.9
k99_10009723_1	2.3.1.179	8.2e-84	282.6
k99_10009838_1	3.1.3.86	5.1e-46	157.2
k99_10009841_1	6.2.1.-	3.5e-88	296.6
k99_10009855_2	3.2.2.-	2e-27	97.2
k99_1000987_12	3.2.2.-	8.8e-33	115.8
k99_1000987_15	2.7.7.7	2.2e-27	96.3
k99_1000987_17	1.17.4.1	4.2e-131	440.6
k99_1000987_2	3.6.3.-	1.4e-22	80.5
k99_1000988_2	1.6.1.2	6.2e-167	559.8
k99_10009913_5	2.7.11.22	6.2e-07	30.2
k99_10009913_6	2.4.1.144	1.5e-61	210.2
k99_10009913_7	3.4.22.-	2e-107	361.9
k99_10009913_8	3.4.11.1	1.9e-48	166.5
k99_1000992_1	3.1.26.3	1.9e-10	39.8
k99_10009964_2	3.6.4.13	5.1e-160	536.3
k99_10009972_2	3.7.1.-	2.9e-54	186.2
k99_10009982_2	4.3.1.19	6e-56	191.4
k99_10010063_1	3.1.11.5	2.7e-60	204.2
k99_10010122_2	5.1.3.2	1.2e-107	362.2
k99_10010168_2	3.6.4.6	3e-112	376.4
k99_10010193_4	6.3.2.19	2e-08	31.4
k99_10010205_1	6.1.1.5	2e-32	113.3
k99_10010258_2	1.-.-.-	1.5e-25	91.9
k99_10010269_6	2.7.1.17	1.1e-68	233.7
k99_10010316_2	4.1.3.17	7.9e-26	92.9
k99_10010334_1	2.7.11.1	2.1e-40	140.7
k99_10010334_2	2.1.1.171	7.8e-60	205.0
k99_10010334_3	2.7.7.3	9e-61	207.6
k99_10010334_4	3.2.2.23	6.3e-86	291.4
k99_10010334_4	4.2.99.18	6.3e-86	291.4
k99_1001035_1	1.1.1.10	2.3e-61	210.4
k99_10010409_14	1.3.99.-	1.7e-180	603.3
k99_10010409_15	3.1.3.48	5.7e-39	135.8
k99_10010409_2	2.1.1.172	2.4e-65	223.0
k99_10010409_3	1.-.-.-	2.2e-64	219.4
k99_10010409_5	3.1.27.1	6.9e-70	236.9
k99_10010409_6	1.6.5.5	2.2e-82	278.5
k99_10010462_2	3.4.21.102	4e-23	82.8
k99_10010486_1	1.2.4.2	4.3e-281	937.4
k99_1001055_1	3.1.21.-	1.5e-53	183.8
k99_1001055_5	2.1.1.72	2.7e-68	233.1
k99_10010567_1	2.5.1.61	2.6e-91	309.2
k99_10010567_2	4.2.1.75	2.1e-11	44.2
k99_10010605_1	5.3.1.24	1e-47	164.7
k99_10010605_2	3.5.4.16	3.9e-48	165.7
k99_10010630_1	3.4.21.53	2.7e-22	79.7
k99_10010650_1	4.3.1.17	1.4e-57	197.2
k99_10010650_2	4.3.1.17	5.7e-71	241.6
k99_10010650_5	2.4.2.30	5.5e-28	98.2
k99_10010740_1	6.3.2.-	2.3e-48	167.1
k99_10010760_1	3.1.1.45	1.1e-12	48.4
k99_10010802_1	2.8.1.8	1.1e-49	171.4
k99_10010802_2	1.14.13.70	1.1e-52	181.2
k99_10010804_1	3.6.4.13	6.3e-61	207.1
k99_1001085_14	1.14.11.-	3.4e-31	110.0
k99_1001085_17	6.6.1.2	8.5e-19	69.4
k99_1001085_18	3.6.3.-	2.4e-23	83.1
k99_10010865_1	4.3.2.2	3e-111	374.7
k99_10010894_1	3.1.-.-	3.8e-12	47.0
k99_10010895_1	6.1.1.20	2.7e-70	239.1
k99_10010895_2	2.1.1.190	2.2e-97	329.0
k99_10011004_2	2.5.1.46	1.2e-62	214.0
k99_10011004_3	4.1.1.19	7.9e-115	386.6
k99_10011004_4	4.2.3.4	1.9e-110	371.7
k99_10011004_5	1.5.1.12	1e-97	329.7
k99_10011004_5	1.5.99.8	1e-97	329.7
k99_10011029_1	3.1.1.61	8.1e-84	284.0
k99_10011150_1	6.2.1.13	8.1e-115	387.1
k99_10011150_2	1.12.7.2	2e-19	71.4
k99_10011266_1	2.7.10.1	1.2e-78	266.8
k99_10011290_1	2.7.7.6	3e-118	397.1
k99_10011311_1	5.99.1.2	5.6e-181	606.1
k99_10011315_1	2.4.2.29	2.4e-54	186.1
k99_10011315_2	1.17.1.8	3.6e-61	209.1
k99_10011328_2	3.1.13.-	5.5e-71	241.3
k99_10011340_1	6.1.1.12	4.4e-174	583.2
k99_10011354_1	1.17.7.1	4.1e-73	249.1
k99_10011354_2	6.1.1.21	2.1e-44	152.7
k99_10011378_1	3.1.26.4	1.4e-25	90.7
k99_10011419_1	3.2.1.21	1.5e-162	544.2
k99_10011419_2	2.4.1.207	1.2e-65	223.5
k99_10011444_2	1.11.1.-	2.2e-61	209.7
k99_10011470_1	3.4.11.2	1.8e-39	136.5
k99_1001148_1	6.3.2.9	1.1e-94	320.2
k99_1001148_2	2.4.1.129	1.5e-09	38.4
k99_10011592_1	4.2.1.59	5.7e-54	184.5
k99_10011592_2	2.3.1.129	2.2e-101	340.9
k99_10011626_4	2.3.1.-	2.8e-51	176.5
k99_10011626_9	3.6.1.23	1.1e-46	160.3
k99_10011651_1	3.1.-.-	6e-89	300.3
k99_10011668_1	2.7.7.6	2.2e-12	48.0
k99_10011668_1	5.2.1.8	2.2e-12	48.0
k99_10011683_2	1.5.5.1	7.1e-98	330.7
k99_10011693_1	3.1.4.50	1.5e-78	266.5
k99_1001177_1	2.1.2.9	6.1e-37	128.4
k99_10011794_2	4.1.99.3	1.4e-94	319.4
k99_10011824_4	2.4.1.-	1.3e-20	75.1
k99_10011824_8	3.4.18.1	6.1e-10	39.8
k99_10011886_2	2.7.1.40	5.9e-99	334.0
k99_10011951_2	3.6.3.-	2.4e-120	405.3
k99_10011951_2	3.6.3.24	2.4e-120	405.3
k99_1001203_2	3.6.4.-	1.7e-91	307.2
k99_1001203_3	1.15.1.1	7.4e-79	268.0
k99_1001203_6	2.7.7.7	2.1e-53	182.6
k99_10012051_3	2.4.1.-	1e-14	56.1
k99_10012058_2	2.7.8.6	9.4e-90	303.5
k99_1001207_1	3.6.3.14	4.5e-147	492.6
k99_10012090_1	6.6.1.2	2.5e-34	120.8
k99_10012090_2	3.6.3.-	1.1e-29	104.1
k99_10012090_3	1.2.1.2	8.9e-10	39.3
k99_10012090_4	6.3.5.3	8.1e-12	45.8
k99_10012090_6	4.2.3.4	1.4e-123	415.0
k99_10012109_1	1.4.3.5	1.4e-31	111.6
k99_10012120_1	5.99.1.2	1.5e-17	65.0
k99_10012160_1	1.-.-.-	4.8e-46	159.0
k99_10012160_4	3.3.2.8	3e-21	77.3
k99_10012160_6	3.6.3.17	1.8e-158	531.2
k99_10012160_7	3.6.3.17	5.9e-73	248.2
k99_10012160_9	1.2.99.2	1.9e-67	230.3
k99_10012165_5	3.6.3.41	7.9e-91	304.8
k99_10012178_2	3.6.1.-	7.4e-22	79.4
k99_10012225_1	2.7.7.19	2.4e-94	318.7
k99_10012242_1	6.3.2.9	1.2e-53	184.3
k99_10012242_2	2.4.1.129	5.9e-120	403.9
k99_10012242_3	2.4.1.227	7.3e-31	108.4
k99_10012281_2	2.5.1.49	2e-10	40.6
k99_1001230_2	1.17.4.1	5e-78	264.4
k99_1001230_3	1.17.4.1	1.2e-16	61.8
k99_10012317_1	1.14.14.-	3.6e-44	152.5
k99_10012317_2	3.4.24.-	3.9e-37	129.8
k99_10012317_3	2.7.7.13	2.2e-36	126.0
k99_10012317_4	4.2.1.46	1.3e-36	127.7
k99_10012364_3	2.4.2.7	9.9e-99	333.1
k99_10012364_5	3.6.3.-	1.3e-240	803.9
k99_10012364_5	3.6.3.24	1.3e-240	803.9
k99_10012383_3	3.6.3.25	2.9e-103	348.5
k99_10012383_4	3.6.3.30	7.1e-103	346.7
k99_10012386_1	1.14.11.-	3e-05	25.1
k99_10012386_1	1.14.11.27	3e-05	25.1
k99_10012386_2	2.7.11.1	1.9e-72	246.4
k99_10012425_2	2.1.1.37	9.1e-43	146.6
k99_10012425_3	2.1.1.37	1.1e-05	23.5
k99_10012454_4	3.6.4.12	1.4e-13	52.3
k99_10012466_3	2.4.2.14	2.3e-45	157.0
k99_10012469_1	2.4.-.-	3.7e-31	110.0
k99_10012469_3	3.1.3.48	2.9e-42	146.8
k99_10012484_2	2.-.-.-	6.5e-135	453.2
k99_10012484_3	3.4.11.2	1.7e-42	146.6
k99_10012528_1	6.1.1.6	9.3e-160	535.6
k99_10012528_2	3.1.1.29	8.6e-49	167.5
k99_10012584_1	3.5.1.81	6.1e-63	214.8
k99_10012584_2	1.1.1.40	2.7e-23	83.5
k99_1001259_3	4.2.1.3	2.3e-235	785.4
k99_1001259_3	4.2.1.99	2.3e-235	785.4
k99_10012644_10	2.7.7.7	1e-106	359.8
k99_10012644_11	3.4.21.88	3.8e-43	149.9
k99_10012644_5	2.7.1.168	6.2e-79	267.4
k99_10012644_9	2.8.1.7	1.5e-59	203.2
k99_10012644_9	4.4.1.16	1.5e-59	203.2
k99_10012651_2	2.7.7.8	3.2e-123	414.5
k99_10012703_2	2.1.1.242	6.3e-65	221.2
k99_10012705_4	2.7.1.169	9.1e-34	118.4
k99_1001278_1	3.5.1.-	7.7e-17	61.5
k99_1001278_1	3.5.1.19	7.7e-17	61.5
k99_10012792_1	3.6.3.25	6e-76	257.7
k99_10012792_3	2.2.1.2	9e-43	147.1
k99_10012827_10	2.8.1.8	1.3e-52	181.1
k99_10012827_3	2.7.7.7	1.5e-111	375.9
k99_10012827_3	4.2.99.-	1.5e-111	375.9
k99_10012827_4	2.7.1.11	2.2e-100	338.5
k99_10012827_6	2.7.4.22	4e-90	303.8
k99_10012827_9	1.14.13.70	6e-51	175.5
k99_10012880_2	1.7.1.14	3.9e-65	221.7
k99_10012880_3	3.5.1.81	2.5e-116	391.5
k99_10012896_1	5.99.1.3	2.2e-126	424.9
k99_10012921_1	3.6.3.14	1.9e-27	98.4
k99_10012921_2	3.6.3.14	6.4e-34	119.1
k99_10012921_3	3.6.3.14	1.2e-21	77.3
k99_10012962_1	1.14.18.2	9.5e-58	197.0
k99_10012982_1	4.1.99.3	9.2e-57	194.0
k99_10012982_2	3.1.-.-	1.5e-45	157.5
k99_10013007_1	1.-.-.-	8.8e-54	184.5
k99_10013032_1	1.2.4.1	4.4e-60	204.9
k99_10013083_1	1.8.1.9	7e-67	227.8
k99_10013083_3	2.6.1.19	1.6e-12	47.0
k99_10013107_3	3.4.24.-	2e-35	122.6
k99_10013114_1	1.6.5.3	4.9e-23	83.4
k99_10013114_11	3.6.1.11	7.2e-30	105.9
k99_10013114_11	3.6.1.40	7.2e-30	105.9
k99_10013114_12	3.4.21.-	1.5e-75	256.3
k99_10013114_2	1.6.5.3	4.7e-90	305.0
k99_10013114_3	1.6.5.3	1.9e-48	167.4
k99_10013114_4	1.5.1.12	8e-45	155.0
k99_10013114_4	1.5.99.8	8e-45	155.0
k99_10013114_7	2.7.1.23	6.2e-79	267.5
k99_10013114_8	3.1.11.6	1.8e-12	49.4
k99_10013114_9	3.1.11.6	8.1e-151	505.9
k99_10013121_2	3.1.11.5	4.9e-75	253.1
k99_10013174_1	2.7.7.7	1.9e-38	133.3
k99_10013222_1	2.7.7.6	1.8e-196	657.1
k99_10013268_1	2.7.8.6	1.2e-79	270.0
k99_10013315_1	2.7.13.3	8.5e-58	198.2
k99_1001332_1	2.1.1.193	4.4e-16	60.7
k99_10013343_2	1.14.99.22	1.1e-40	140.4
k99_10013343_2	2.6.1.-	1.1e-40	140.4
k99_10013370_1	3.4.11.2	1e-153	515.4
k99_10013393_2	2.3.1.176	1.1e-40	141.3
k99_10013402_1	2.3.2.8	1.2e-31	111.8
k99_10013402_2	3.4.-.-	6.7e-25	89.1
k99_10013456_3	3.1.1.5	1.1e-47	164.5
k99_10013456_4	3.2.2.21	7.3e-21	75.6
k99_10013481_2	3.4.22.-	1.3e-85	289.5
k99_10013505_1	3.5.1.11	6.4e-62	211.7
k99_10013609_10	5.3.1.13	1.7e-78	266.6
k99_10013609_13	3.6.3.-	1.4e-137	461.9
k99_10013609_16	2.7.1.69	4.7e-42	146.2
k99_10013609_20	2.6.1.62	2.5e-149	501.0
k99_10013609_22	1.1.1.169	1.5e-65	223.4
k99_10013609_24	6.5.1.-	1.3e-45	158.2
k99_10013609_28	2.7.1.172	2.2e-25	90.3
k99_10013609_29	3.1.3.48	1.5e-48	167.5
k99_10013609_31	2.7.13.3	6.2e-155	519.0
k99_10013609_34	3.5.3.11	5.6e-81	274.9
k99_10013609_4	2.5.1.18	9.5e-27	95.8
k99_10013609_5	2.5.1.18	4.6e-67	227.2
k99_10013609_6	3.4.11.1	4e-123	414.1
k99_10013609_8	1.1.1.219	5.4e-39	135.8
k99_10013609_9	3.1.13.5	3.7e-31	110.1
k99_10013625_4	2.7.13.3	1.1e-231	774.2
k99_10013625_5	2.7.13.3	1.3e-20	75.0
k99_10013627_1	2.1.3.-	1.7e-153	514.7
k99_10013684_2	2.4.1.-	9.1e-35	122.2
k99_10013718_1	2.1.1.137	2.1e-62	213.3
k99_10013794_1	6.5.1.4	1.6e-78	266.2
k99_10013794_2	6.5.1.4	1.9e-19	70.4
k99_10013809_1	3.1.4.46	2.9e-24	86.0
k99_10013868_1	1.1.99.28	7.7e-41	141.9
k99_10013868_2	1.1.1.31	8.8e-95	320.5
k99_10013876_1	2.7.13.3	1.2e-33	117.6
k99_10013876_2	2.7.13.3	1.6e-197	660.4
k99_10013917_2	6.3.5.4	2.2e-27	96.4
k99_10014070_1	2.4.1.-	8.8e-24	85.7
k99_10014089_2	3.6.1.63	8.4e-79	267.4
k99_10014089_3	3.6.1.63	7.8e-91	307.1
k99_10014089_4	3.6.3.28	3.1e-51	176.3
k99_10014144_2	2.7.4.-	2.3e-99	335.5
k99_10014154_2	1.3.8.7	1.4e-224	746.9
k99_10014220_2	4.2.1.57	4.5e-40	139.7
k99_10014220_3	4.1.2.50	4.7e-27	96.8
k99_10014220_3	4.2.3.12	4.7e-27	96.8
k99_10014249_1	1.-.-.-	1.8e-70	240.0
k99_10014252_2	2.1.3.-	1.1e-91	310.0
k99_10014269_1	4.3.2.1	3.7e-98	331.5
k99_10014269_2	2.5.1.61	2.2e-35	124.3
k99_10014272_3	1.3.8.4	5.6e-99	334.1
k99_10014272_6	2.7.7.4	1.6e-103	348.7
k99_10014272_7	2.7.1.25	1.3e-102	345.8
k99_10014349_1	1.6.5.3	2.2e-61	209.8
k99_10014349_2	1.-.-.-	1.4e-13	51.3
k99_10014396_2	4.4.1.22	3.6e-11	44.6
k99_1001440_4	2.7.13.3	5.5e-13	50.2
k99_10014427_1	3.6.4.-	6.4e-24	82.6
k99_10014444_6	5.3.4.1	4.1e-43	147.6
k99_10014444_7	2.7.11.25	3.3e-38	131.5
k99_10014444_8	3.1.3.16	8.7e-65	219.5
k99_10014494_1	5.4.2.2	1e-120	406.3
k99_10014535_1	5.1.3.14	1.6e-81	276.5
k99_10014535_2	2.4.1.-	3.3e-42	146.7
k99_10014535_3	2.-.-.-	2.2e-87	295.4
k99_10014535_4	4.2.1.46	1.3e-15	58.1
k99_10014592_1	1.3.99.-	1.5e-97	328.5
k99_10014592_2	1.1.1.42	1.6e-226	756.3
k99_10014592_3	1.6.5.5	4.5e-81	274.3
k99_10014592_4	2.3.3.1	8.8e-124	416.2
k99_1001459_1	3.4.-.-	1e-34	121.7
k99_10014699_2	3.6.4.13	9.2e-21	75.5
k99_1001482_5	6.3.4.3	1.7e-226	756.6
k99_10014891_2	2.8.1.8	7.7e-53	181.8
k99_10014891_3	1.14.13.70	2.2e-48	167.0
k99_10014891_4	2.7.9.3	2.7e-95	321.8
k99_10014891_7	3.4.22.-	3.6e-188	629.5
k99_10014902_3	5.2.1.8	1.3e-23	85.7
k99_10014925_1	3.1.3.86	4.7e-116	389.7
k99_10015059_1	3.2.2.-	5.1e-07	30.8
k99_1001508_1	6.3.2.19	1.8e-11	45.4
k99_10015090_2	1.5.1.5	1.4e-35	123.5
k99_10015090_2	3.5.4.9	1.4e-35	123.5
k99_1001510_1	1.11.1.21	1.2e-117	395.6
k99_1001513_1	5.3.1.1	7.4e-30	106.2
k99_1001513_2	5.3.1.1	5.6e-05	23.9
k99_10015161_2	3.6.3.25	1.6e-41	143.5
k99_10015207_1	2.1.1.45	5e-37	129.5
k99_10015207_2	2.-.-.-	1.4e-84	286.7
k99_10015207_3	2.7.3.9	3.6e-180	603.1
k99_10015218_1	2.4.1.129	1.7e-41	143.9
k99_10015218_2	2.4.1.129	5e-43	149.0
k99_10015230_1	2.4.1.-	9.2e-111	373.1
k99_10015230_1	3.4.-.-	9.2e-111	373.1
k99_10015230_2	2.8.3.5	2e-28	100.7
k99_10015263_1	2.4.1.129	2.7e-86	292.3
k99_10015285_1	1.1.5.3	1.1e-19	71.6
k99_10015285_2	1.18.-.-	8.7e-46	158.4
k99_10015305_2	3.4.21.89	3.6e-40	139.5
k99_1001531_1	6.3.5.5	4.7e-240	801.6
k99_1001531_10	4.2.1.10	2.3e-45	156.7
k99_1001531_11	4.2.3.4	6e-113	380.0
k99_1001531_12	2.7.1.71	4.6e-49	169.0
k99_1001531_13	4.2.3.5	6.2e-136	455.3
k99_1001531_14	2.1.1.-	2.3e-15	58.5
k99_1001531_14	3.4.23.43	2.3e-15	58.5
k99_1001531_15	1.1.1.25	3.8e-55	188.5
k99_1001531_17	3.1.-.-	9e-41	142.2
k99_1001531_18	6.1.1.7	3.1e-303	1011.4
k99_1001531_2	6.3.5.5	2.4e-85	288.3
k99_1001531_20	6.1.1.12	9.5e-287	956.4
k99_1001531_21	6.1.1.21	3.3e-85	288.1
k99_1001531_22	3.1.2.6	4.5e-68	231.4
k99_1001531_24	2.7.6.5	2.2e-262	875.9
k99_1001531_27	3.6.4.12	3.3e-98	331.8
k99_1001531_28	3.6.4.12	3.1e-47	163.4
k99_1001531_29	3.6.4.12	1.5e-56	193.5
k99_1001531_3	6.3.5.5	4.4e-157	526.5
k99_1001531_30	3.1.22.4	8.5e-76	257.0
k99_1001531_32	2.6.-.-	2.5e-22	80.7
k99_1001531_33	2.6.-.-	6.8e-50	171.8
k99_1001531_34	4.-.-.-	4.8e-159	531.1
k99_1001531_38	2.3.1.-	5.5e-71	241.6
k99_1001531_39	2.7.8.5	6.6e-21	75.7
k99_1001531_4	3.5.2.3	2.4e-114	384.6
